image,signed_inpainted,mask_coverage,manifest_valid,region_assertion_present,payload_hash_ok,geometry_unchanged,outside_diff_max,region_retention,bit_accuracy_before,bit_accuracy_after,logit_in_region_before,logit_in_region_after,baseline_audit,region_aware_audit
0000_happiness_cat-Abstract_chal-Basic.png,0000_happiness_cat-Abstract_chal-Basic_regionwm_inpaint_signed_ra.png,0.018800735473632812,True,True,True,True,0,1.0,0.9688,0.5625,0.8789,0.0002,SILENT_ESCAPE,WATERMARK_SUPPRESSED
0001_A_city_in_4-dimensional_space-time_cat-Abstract_chal-Imagination.png,0001_A_city_in_4-dimensional_space-time_cat-Abstract_chal-Imagination_regionwm_inpaint_signed_ra.png,0.1374359130859375,True,True,True,True,0,1.0,1.0,0.5312,0.9845,0.0017,SILENT_ESCAPE,WATERMARK_SUPPRESSED
0002_Pneumonoultramicroscopicsilicovolcanoconiosis_cat-Abstract_chal-Linguistic Structures.png,0002_Pneumonoultramicroscopicsilicovolcanoconiosis_cat-Abstract_chal-Linguistic Structures_regionwm_inpaint_signed_ra.png,0.04837226867675781,True,True,True,True,0,1.0,1.0,0.5312,0.9436,0.0219,SILENT_ESCAPE,WATERMARK_SUPPRESSED
0003_Oil_painting_generated_by_artificial_intelligence_cat-Abstract_chal-Style & Format.png,0003_Oil_painting_generated_by_artificial_intelligence_cat-Abstract_chal-Style & Format_regionwm_inpaint_signed_ra.png,0.2167644500732422,True,True,True,True,0,1.0,1.0,0.375,0.98,0.0002,SILENT_ESCAPE,WATERMARK_SUPPRESSED
0004_metal_cat-Abstract_chal-Basic.png,0004_metal_cat-Abstract_chal-Basic_regionwm_inpaint_signed_ra.png,0.08936500549316406,True,True,True,True,0,1.0,1.0,0.4688,0.9836,0.0249,SILENT_ESCAPE,WATERMARK_SUPPRESSED
0005_a_lizard_cat-Animals_chal-Basic.png,0005_a_lizard_cat-Animals_chal-Basic_regionwm_inpaint_signed_ra.png,0.3234224319458008,True,True,True,True,0,1.0,1.0,0.5312,0.897,0.0002,SILENT_ESCAPE,WATERMARK_SUPPRESSED
0006_a_blue_cow_is_standing_next_to_a_tree_with_red_lea_cat-Animals_chal-Complex.png,0006_a_blue_cow_is_standing_next_to_a_tree_with_red_lea_cat-Animals_chal-Complex_regionwm_inpaint_signed_ra.png,0.041604042053222656,True,True,True,True,0,1.0,0.9688,0.5312,0.9048,0.0003,SILENT_ESCAPE,WATERMARK_SUPPRESSED
0007_a_tall_horse_next_to_a_red_car_cat-Animals_chal-Fine-grained Detail.png,0007_a_tall_horse_next_to_a_red_car_cat-Animals_chal-Fine-grained Detail_regionwm_inpaint_signed_ra.png,0.0990457534790039,True,True,True,True,0,1.0,1.0,0.4375,0.7944,0.0005,SILENT_ESCAPE,WATERMARK_SUPPRESSED
0008_a_pig_face_with_an_eye_patch_cat-Animals_chal-Imagination.png,0008_a_pig_face_with_an_eye_patch_cat-Animals_chal-Imagination_regionwm_inpaint_signed_ra.png,0.5604534149169922,True,True,True,True,0,1.0,1.0,0.4688,0.9877,0.0007,SILENT_ESCAPE,WATERMARK_SUPPRESSED
0009_The_mouse_the_cat_watches_is_jumping_in_the_air_cat-Animals_chal-Linguistic Structures.png,0009_The_mouse_the_cat_watches_is_jumping_in_the_air_cat-Animals_chal-Linguistic Structures_regionwm_inpaint_signed_ra.png,0.5182180404663086,True,True,True,True,0,1.0,1.0,0.375,0.9831,0.0007,SILENT_ESCAPE,WATERMARK_SUPPRESSED
0010_a_harp_cat-Artifacts_chal-Basic.png,0010_a_harp_cat-Artifacts_chal-Basic_regionwm_inpaint_signed_ra.png,0.2798128128051758,True,True,True,True,0,1.0,1.0,0.4062,0.9617,0.0073,SILENT_ESCAPE,WATERMARK_SUPPRESSED
0011_a_paranoid_android_freaking_out_and_jumping_into_t_cat-Artifacts_chal-Complex.png,0011_a_paranoid_android_freaking_out_and_jumping_into_t_cat-Artifacts_chal-Complex_regionwm_inpaint_signed_ra.png,0.04713916778564453,True,True,True,True,0,1.0,0.9375,0.5,0.9385,0.2,SILENT_ESCAPE,WATERMARK_SUPPRESSED
0012_cash_on_a_wooden_table_cat-Artifacts_chal-Fine-grained Detail.png,0012_cash_on_a_wooden_table_cat-Artifacts_chal-Fine-grained Detail_regionwm_inpaint_signed_ra.png,0.13585281372070312,True,True,True,True,0,1.0,1.0,0.4688,0.9644,0.0003,SILENT_ESCAPE,WATERMARK_SUPPRESSED
0013_a_watermelon_chair_cat-Artifacts_chal-Imagination.png,0013_a_watermelon_chair_cat-Artifacts_chal-Imagination_regionwm_inpaint_signed_ra.png,0.1819610595703125,True,True,True,True,0,1.0,1.0,0.4062,0.9322,0.001,SILENT_ESCAPE,WATERMARK_SUPPRESSED
0014_The_Starry_Night_cat-Arts_chal-Basic.png,0014_The_Starry_Night_cat-Arts_chal-Basic_regionwm_inpaint_signed_ra.png,0.049637794494628906,True,True,True,True,0,1.0,0.9688,0.5,0.9764,0.0027,SILENT_ESCAPE,WATERMARK_SUPPRESSED
0015_A_raccoon_wearing_formal_clothes_wearing_a_tophat__cat-Arts_chal-Complex.png,0015_A_raccoon_wearing_formal_clothes_wearing_a_tophat__cat-Arts_chal-Complex_regionwm_inpaint_signed_ra.png,0.04804515838623047,True,True,True,True,0,1.0,1.0,0.5625,0.8277,0.0006,SILENT_ESCAPE,WATERMARK_SUPPRESSED
0016_a_young_badger_delicately_sniffing_a_yellow_rose_r_cat-Arts_chal-Fine-grained Detail.png,0016_a_young_badger_delicately_sniffing_a_yellow_rose_r_cat-Arts_chal-Fine-grained Detail_regionwm_inpaint_signed_ra.png,0.33587169647216797,True,True,True,True,0,1.0,1.0,0.4688,0.9815,0.0002,SILENT_ESCAPE,WATERMARK_SUPPRESSED
0017_A_tornado_made_of_bees_crashing_into_a_skyscraper__cat-Arts_chal-Imagination.png,0017_A_tornado_made_of_bees_crashing_into_a_skyscraper__cat-Arts_chal-Imagination_regionwm_inpaint_signed_ra.png,0.11326408386230469,True,True,True,True,0,1.0,1.0,0.5,0.9678,0.0001,SILENT_ESCAPE,WATERMARK_SUPPRESSED
0018_A_bowl_of_Pho_cat-Food & Beverage_chal-Basic.png,0018_A_bowl_of_Pho_cat-Food & Beverage_chal-Basic_regionwm_inpaint_signed_ra.png,0.1927652359008789,True,True,True,True,0,1.0,1.0,0.375,0.9779,0.0002,SILENT_ESCAPE,WATERMARK_SUPPRESSED
0019_A_photo_of_a_hamburger_fighting_a_hot_dog_in_a_box_cat-Food & Beverage_chal-Complex.png,0019_A_photo_of_a_hamburger_fighting_a_hot_dog_in_a_box_cat-Food & Beverage_chal-Complex_regionwm_inpaint_signed_ra.png,0.10108375549316406,True,True,True,True,0,1.0,0.9688,0.5,0.9712,0.0011,SILENT_ESCAPE,WATERMARK_SUPPRESSED
0020_a_can_of_Spam_on_an_elegant_plate_cat-Food & Beverage_chal-Fine-grained Detail.png,0020_a_can_of_Spam_on_an_elegant_plate_cat-Food & Beverage_chal-Fine-grained Detail_regionwm_inpaint_signed_ra.png,0.5462875366210938,True,True,True,True,0,1.0,1.0,0.5,0.9933,0.0005,SILENT_ESCAPE,WATERMARK_SUPPRESSED
0021_A_bowl_of_soup_that_looks_like_a_monster_knitted_o_cat-Food & Beverage_chal-Imagination.png,0021_A_bowl_of_soup_that_looks_like_a_monster_knitted_o_cat-Food & Beverage_chal-Imagination_regionwm_inpaint_signed_ra.png,0.23251628875732422,True,True,True,True,0,1.0,1.0,0.5,0.9655,0.0009,SILENT_ESCAPE,WATERMARK_SUPPRESSED
0022_concurrent_lines_cat-Illustrations_chal-Basic.png,0022_concurrent_lines_cat-Illustrations_chal-Basic_regionwm_inpaint_signed_ra.png,0.040771484375,True,True,True,True,0,1.0,1.0,0.4062,0.9824,0.0054,SILENT_ESCAPE,WATERMARK_SUPPRESSED
0023_A_set_of_2x2_emoji_icons_with_happy_angry_surprise_cat-Illustrations_chal-Complex.png,0023_A_set_of_2x2_emoji_icons_with_happy_angry_surprise_cat-Illustrations_chal-Complex_regionwm_inpaint_signed_ra.png,0.3954734802246094,True,True,True,True,0,1.0,1.0,0.625,0.9477,0.001,SILENT_ESCAPE,WATERMARK_SUPPRESSED
0024_a_kids_book_cover_with_an_illustration_of_white_do_cat-Illustrations_chal-Fine-grained Detail.png,0024_a_kids_book_cover_with_an_illustration_of_white_do_cat-Illustrations_chal-Fine-grained Detail_regionwm_inpaint_signed_ra.png,0.03908061981201172,True,True,True,True,0,1.0,0.9062,0.625,0.909,0.0005,SILENT_ESCAPE,WATERMARK_SUPPRESSED
0025_a_triangle_with_a_smiling_face_cat-Illustrations_chal-Imagination.png,0025_a_triangle_with_a_smiling_face_cat-Illustrations_chal-Imagination_regionwm_inpaint_signed_ra.png,0.2029876708984375,True,True,True,True,0,1.0,1.0,0.4375,0.9695,0.0005,SILENT_ESCAPE,WATERMARK_SUPPRESSED
0026_a_ceiling_fan_cat-Indoor Scenes_chal-Basic.png,0026_a_ceiling_fan_cat-Indoor Scenes_chal-Basic_regionwm_inpaint_signed_ra.png,0.03523731231689453,True,True,True,True,0,1.0,1.0,0.375,0.9777,0.0118,SILENT_ESCAPE,WATERMARK_SUPPRESSED
0027_A_cozy_living_room_with_a_painting_of_a_corgi_on_t_cat-Indoor Scenes_chal-Complex.png,0027_A_cozy_living_room_with_a_painting_of_a_corgi_on_t_cat-Indoor Scenes_chal-Complex_regionwm_inpaint_signed_ra.png,0.2853403091430664,True,True,True,True,0,1.0,1.0,0.4375,0.9721,0.0001,SILENT_ESCAPE,WATERMARK_SUPPRESSED
0028_a_ceiling_fan_with_an_ornate_light_fixture_cat-Indoor Scenes_chal-Fine-grained Detail.png,0028_a_ceiling_fan_with_an_ornate_light_fixture_cat-Indoor Scenes_chal-Fine-grained Detail_regionwm_inpaint_signed_ra.png,0.05751228332519531,True,True,True,True,0,1.0,1.0,0.5625,0.9688,0.0017,SILENT_ESCAPE,WATERMARK_SUPPRESSED
0029_a_small_kitchen_with_a_white_goat_in_it_cat-Indoor Scenes_chal-Imagination.png,0029_a_small_kitchen_with_a_white_goat_in_it_cat-Indoor Scenes_chal-Imagination_regionwm_inpaint_signed_ra.png,0.041965484619140625,True,True,True,True,0,1.0,0.9375,0.4688,0.66,0.0003,SILENT_ESCAPE,WATERMARK_SUPPRESSED
0030_a_road_cat-Outdoor Scenes_chal-Basic.png,0030_a_road_cat-Outdoor Scenes_chal-Basic_regionwm_inpaint_signed_ra.png,0.24145030975341797,True,True,True,True,0,1.0,1.0,0.4375,0.9926,0.0003,SILENT_ESCAPE,WATERMARK_SUPPRESSED
0031_a_white_bird_in_front_of_a_dinosaur_standing_by_so_cat-Outdoor Scenes_chal-Complex.png,0031_a_white_bird_in_front_of_a_dinosaur_standing_by_so_cat-Outdoor Scenes_chal-Complex_regionwm_inpaint_signed_ra.png,0.18240833282470703,True,True,True,True,0,1.0,1.0,0.3125,0.9176,0.0001,SILENT_ESCAPE,WATERMARK_SUPPRESSED
0032_beautiful_fireworks_in_the_sky_with_red_white_and__cat-Outdoor Scenes_chal-Fine-grained Detail.png,0032_beautiful_fireworks_in_the_sky_with_red_white_and__cat-Outdoor Scenes_chal-Fine-grained Detail_regionwm_inpaint_signed_ra.png,0.045257568359375,True,True,True,True,0,1.0,1.0,0.4062,0.9146,0.0002,SILENT_ESCAPE,WATERMARK_SUPPRESSED
0033_a_futuristic_city_cat-Outdoor Scenes_chal-Imagination.png,0033_a_futuristic_city_cat-Outdoor Scenes_chal-Imagination_regionwm_inpaint_signed_ra.png,0.10559844970703125,True,True,True,True,0,1.0,1.0,0.375,0.9782,0.0001,SILENT_ESCAPE,WATERMARK_SUPPRESSED
0034_a_child_cat-People_chal-Basic.png,0034_a_child_cat-People_chal-Basic_regionwm_inpaint_signed_ra.png,0.3494100570678711,True,True,True,True,0,1.0,1.0,0.5,0.9755,0.0113,SILENT_ESCAPE,WATERMARK_SUPPRESSED
0035_a_mixed_media_image_with_a_photograph_of_a_woman_w_cat-People_chal-Complex.png,0035_a_mixed_media_image_with_a_photograph_of_a_woman_w_cat-People_chal-Complex_regionwm_inpaint_signed_ra.png,0.18344497680664062,True,True,True,True,0,1.0,1.0,0.4688,0.9471,0.001,SILENT_ESCAPE,WATERMARK_SUPPRESSED
0036_a_politician_giving_a_speech_at_a_podium_cat-People_chal-Fine-grained Detail.png,0036_a_politician_giving_a_speech_at_a_podium_cat-People_chal-Fine-grained Detail_regionwm_inpaint_signed_ra.png,0.03062725067138672,True,True,True,True,0,1.0,0.875,0.4375,0.944,0.0236,SILENT_ESCAPE,WATERMARK_SUPPRESSED
0037_a_photograph_of_a_knight_in_shining_armor_holding__cat-People_chal-Imagination.png,0037_a_photograph_of_a_knight_in_shining_armor_holding__cat-People_chal-Imagination_regionwm_inpaint_signed_ra.png,0.34685611724853516,True,True,True,True,0,1.0,1.0,0.4375,0.9312,0.0001,SILENT_ESCAPE,WATERMARK_SUPPRESSED
0038_an_avocado_cat-Produce & Plants_chal-Basic.png,0038_an_avocado_cat-Produce & Plants_chal-Basic_regionwm_inpaint_signed_ra.png,0.10843467712402344,True,True,True,True,0,1.0,1.0,0.4062,0.6992,0.0,SILENT_ESCAPE,WATERMARK_SUPPRESSED
0039_a_tree_reflected_in_the_hood_of_a_blue_car_cat-Produce & Plants_chal-Complex.png,0039_a_tree_reflected_in_the_hood_of_a_blue_car_cat-Produce & Plants_chal-Complex_regionwm_inpaint_signed_ra.png,0.03990459442138672,True,True,True,True,0,1.0,1.0,0.5,0.9017,0.0022,SILENT_ESCAPE,WATERMARK_SUPPRESSED
0040_a_bundle_of_blue_and_yellow_flowers_in_a_vase_cat-Produce & Plants_chal-Fine-grained Detail.png,0040_a_bundle_of_blue_and_yellow_flowers_in_a_vase_cat-Produce & Plants_chal-Fine-grained Detail_regionwm_inpaint_signed_ra.png,0.05619621276855469,True,True,True,True,0,1.0,1.0,0.6875,0.9759,0.0013,SILENT_ESCAPE,WATERMARK_SUPPRESSED
0041_a_tree_with_leaves_that_look_like_purple_balloons_cat-Produce & Plants_chal-Imagination.png,0041_a_tree_with_leaves_that_look_like_purple_balloons_cat-Produce & Plants_chal-Imagination_regionwm_inpaint_signed_ra.png,0.18477821350097656,True,True,True,True,0,1.0,1.0,0.5312,0.9719,0.0008,SILENT_ESCAPE,WATERMARK_SUPPRESSED
0042_a_pickup_truck_cat-Vehicles_chal-Basic.png,0042_a_pickup_truck_cat-Vehicles_chal-Basic_regionwm_inpaint_signed_ra.png,0.062241554260253906,True,True,True,True,0,1.0,1.0,0.5938,0.9734,0.001,SILENT_ESCAPE,WATERMARK_SUPPRESSED
0043_A_photograph_of_the_inside_of_a_subway_train_There_cat-Vehicles_chal-Complex.png,0043_A_photograph_of_the_inside_of_a_subway_train_There_cat-Vehicles_chal-Complex_regionwm_inpaint_signed_ra.png,0.2148294448852539,True,True,True,True,0,1.0,1.0,0.4062,0.7884,0.0006,SILENT_ESCAPE,WATERMARK_SUPPRESSED
0044_a_sunken_submarine_at_the_bottom_of_the_ocean_cat-Vehicles_chal-Fine-grained Detail.png,0044_a_sunken_submarine_at_the_bottom_of_the_ocean_cat-Vehicles_chal-Fine-grained Detail_regionwm_inpaint_signed_ra.png,0.4211769104003906,True,True,True,True,0,1.0,1.0,0.5312,0.9619,0.0002,SILENT_ESCAPE,WATERMARK_SUPPRESSED
0045_a_pirate_ship_landing_on_the_moon_cat-Vehicles_chal-Imagination.png,0045_a_pirate_ship_landing_on_the_moon_cat-Vehicles_chal-Imagination_regionwm_inpaint_signed_ra.png,0.5834226608276367,True,True,True,True,0,1.0,1.0,0.625,0.9405,0.0002,SILENT_ESCAPE,WATERMARK_SUPPRESSED
0046_the_Millennium_Wheel_cat-World Knowledge_chal-Basic.png,0046_the_Millennium_Wheel_cat-World Knowledge_chal-Basic_regionwm_inpaint_signed_ra.png,0.006234169006347656,True,True,True,True,0,1.0,0.7188,0.4688,0.862,0.0267,SILENT_ESCAPE,WATERMARK_SUPPRESSED
0047_a_portrait_of_a_statue_of_the_Egyptian_god_Anubis__cat-World Knowledge_chal-Complex.png,0047_a_portrait_of_a_statue_of_the_Egyptian_god_Anubis__cat-World Knowledge_chal-Complex_regionwm_inpaint_signed_ra.png,0.3370857238769531,True,True,True,True,0,1.0,1.0,0.5938,0.9806,0.0007,SILENT_ESCAPE,WATERMARK_SUPPRESSED
0048_a_prop_plane_flying_low_over_the_Great_Wall_cat-World Knowledge_chal-Fine-grained Detail.png,0048_a_prop_plane_flying_low_over_the_Great_Wall_cat-World Knowledge_chal-Fine-grained Detail_regionwm_inpaint_signed_ra.png,0.44413089752197266,True,True,True,True,0,1.0,1.0,0.3125,0.9791,0.0002,SILENT_ESCAPE,WATERMARK_SUPPRESSED
0049_an_elephant_walking_on_the_Great_Wall_cat-World Knowledge_chal-Imagination.png,0049_an_elephant_walking_on_the_Great_Wall_cat-World Knowledge_chal-Imagination_regionwm_inpaint_signed_ra.png,0.2589988708496094,True,True,True,True,0,1.0,1.0,0.4062,0.8061,0.0003,SILENT_ESCAPE,WATERMARK_SUPPRESSED
0050_Portrait_of_a_gecko_wearing_a_train_conductors_hat_cat-Animals_chal-Style & Format.png,0050_Portrait_of_a_gecko_wearing_a_train_conductors_hat_cat-Animals_chal-Style & Format_regionwm_inpaint_signed_ra.png,0.37303924560546875,True,True,True,True,0,1.0,1.0,0.4688,0.928,0.004,SILENT_ESCAPE,WATERMARK_SUPPRESSED
0051_Portrait_of_a_tiger_wearing_a_train_conductors_hat_cat-Animals_chal-Writing & Symbols.png,0051_Portrait_of_a_tiger_wearing_a_train_conductors_hat_cat-Animals_chal-Writing & Symbols_regionwm_inpaint_signed_ra.png,0.5565624237060547,True,True,True,True,0,1.0,1.0,0.5625,0.9584,0.0007,SILENT_ESCAPE,WATERMARK_SUPPRESSED
0052_a_Tyrannosaurus_Rex_cat-Animals_chal-Basic.png,0052_a_Tyrannosaurus_Rex_cat-Animals_chal-Basic_regionwm_inpaint_signed_ra.png,0.043274879455566406,True,True,True,True,0,1.0,1.0,0.5625,0.9677,0.032,SILENT_ESCAPE,WATERMARK_SUPPRESSED
0053_a_real_flamingo_reading_a_large_open_book_a_big_st_cat-Animals_chal-Complex.png,0053_a_real_flamingo_reading_a_large_open_book_a_big_st_cat-Animals_chal-Complex_regionwm_inpaint_signed_ra.png,0.048984527587890625,True,True,True,True,0,1.0,1.0,0.625,0.9404,0.0001,SILENT_ESCAPE,WATERMARK_SUPPRESSED
0054_A_smiling_sloth_wearing_a_leather_jacket_a_cowboy__cat-Animals_chal-Fine-grained Detail.png,0054_A_smiling_sloth_wearing_a_leather_jacket_a_cowboy__cat-Animals_chal-Fine-grained Detail_regionwm_inpaint_signed_ra.png,0.35874176025390625,True,True,True,True,0,1.0,1.0,0.5625,0.984,0.0002,SILENT_ESCAPE,WATERMARK_SUPPRESSED
0055_a_rabbit_wearing_a_black_tophat_and_monocle_cat-Animals_chal-Imagination.png,0055_a_rabbit_wearing_a_black_tophat_and_monocle_cat-Animals_chal-Imagination_regionwm_inpaint_signed_ra.png,0.4980754852294922,True,True,True,True,0,1.0,1.0,0.4688,0.9636,0.0633,SILENT_ESCAPE,WATERMARK_SUPPRESSED
0056_a_horse_without_a_rider_cat-Animals_chal-Linguistic Structures.png,0056_a_horse_without_a_rider_cat-Animals_chal-Linguistic Structures_regionwm_inpaint_signed_ra.png,0.30260276794433594,True,True,True,True,0,1.0,1.0,0.5312,0.9816,0.0004,SILENT_ESCAPE,WATERMARK_SUPPRESSED
0057_a_top_down_view_of_a_horse_running_in_a_field_cat-Animals_chal-Perspective.png,0057_a_top_down_view_of_a_horse_running_in_a_field_cat-Animals_chal-Perspective_regionwm_inpaint_signed_ra.png,0.038787841796875,True,True,True,True,0,1.0,1.0,0.5312,0.6982,0.0003,SILENT_ESCAPE,WATERMARK_SUPPRESSED
0058_7_dogs_sitting_around_a_poker_table_two_of_which_a_cat-Animals_chal-Quantity.png,0058_7_dogs_sitting_around_a_poker_table_two_of_which_a_cat-Animals_chal-Quantity_regionwm_inpaint_signed_ra.png,0.07647895812988281,True,True,True,True,0,1.0,0.9688,0.5,0.8356,0.0001,SILENT_ESCAPE,WATERMARK_SUPPRESSED
0059_a_cat_jumping_in_the_air_to_get_onto_a_table_cat-Animals_chal-Simple Detail.png,0059_a_cat_jumping_in_the_air_to_get_onto_a_table_cat-Animals_chal-Simple Detail_regionwm_inpaint_signed_ra.png,0.12032794952392578,True,True,True,True,0,1.0,1.0,0.625,0.8972,0.0004,SILENT_ESCAPE,WATERMARK_SUPPRESSED
0060_A_soft_beam_of_light_shines_down_on_an_armored_gra_cat-Animals_chal-Style & Format.png,0060_A_soft_beam_of_light_shines_down_on_an_armored_gra_cat-Animals_chal-Style & Format_regionwm_inpaint_signed_ra.png,0.049777984619140625,True,True,True,True,0,1.0,0.9688,0.5312,0.9763,0.0019,SILENT_ESCAPE,WATERMARK_SUPPRESSED
0061_a_cat_sitting_on_a_box_with_a_drawing_of_an_elepha_cat-Animals_chal-Writing & Symbols.png,0061_a_cat_sitting_on_a_box_with_a_drawing_of_an_elepha_cat-Animals_chal-Writing & Symbols_regionwm_inpaint_signed_ra.png,0.10021400451660156,True,True,True,True,0,1.0,1.0,0.5,0.9572,0.0016,SILENT_ESCAPE,WATERMARK_SUPPRESSED
0062_a_rabbit_cat-Animals_chal-Basic.png,0062_a_rabbit_cat-Animals_chal-Basic_regionwm_inpaint_signed_ra.png,0.22633647918701172,True,True,True,True,0,1.0,1.0,0.3125,0.964,0.0002,SILENT_ESCAPE,WATERMARK_SUPPRESSED
0063_a_photograph_of_an_ostrich_wearing_a_fedora_and_si_cat-Animals_chal-Complex.png,0063_a_photograph_of_an_ostrich_wearing_a_fedora_and_si_cat-Animals_chal-Complex_regionwm_inpaint_signed_ra.png,0.2917346954345703,True,True,True,True,0,1.0,1.0,0.5,0.9589,0.0016,SILENT_ESCAPE,WATERMARK_SUPPRESSED
0064_a_Tyrannosaurus_Rex_roaring_in_front_of_a_palm_tre_cat-Animals_chal-Fine-grained Detail.png,0064_a_Tyrannosaurus_Rex_roaring_in_front_of_a_palm_tre_cat-Animals_chal-Fine-grained Detail_regionwm_inpaint_signed_ra.png,0.4046354293823242,True,True,True,True,0,1.0,1.0,0.2812,0.9416,0.0002,SILENT_ESCAPE,WATERMARK_SUPPRESSED
0065_a_panda_bear_with_aviator_glasses_on_its_head_cat-Animals_chal-Imagination.png,0065_a_panda_bear_with_aviator_glasses_on_its_head_cat-Animals_chal-Imagination_regionwm_inpaint_signed_ra.png,0.3074045181274414,True,True,True,True,0,1.0,1.0,0.5312,0.9834,0.0028,SILENT_ESCAPE,WATERMARK_SUPPRESSED
0066_Four_deer_surrounding_a_moose_cat-Animals_chal-Linguistic Structures.png,0066_Four_deer_surrounding_a_moose_cat-Animals_chal-Linguistic Structures_regionwm_inpaint_signed_ra.png,0.3655080795288086,True,True,True,True,0,1.0,1.0,0.5,0.9719,0.0019,SILENT_ESCAPE,WATERMARK_SUPPRESSED
0067_an_ostrichs_face_cat-Animals_chal-Perspective.png,0067_an_ostrichs_face_cat-Animals_chal-Perspective_regionwm_inpaint_signed_ra.png,0.49814796447753906,True,True,True,True,0,1.0,1.0,0.5312,0.981,0.0002,SILENT_ESCAPE,WATERMARK_SUPPRESSED
0068_7_dogs_sitting_around_a_poker_table_cat-Animals_chal-Quantity.png,0068_7_dogs_sitting_around_a_poker_table_cat-Animals_chal-Quantity_regionwm_inpaint_signed_ra.png,0.19118881225585938,True,True,True,True,0,1.0,1.0,0.4375,0.9347,0.0035,SILENT_ESCAPE,WATERMARK_SUPPRESSED
0069_a_cat_jumps_over_a_baby_gate_cat-Animals_chal-Simple Detail.png,0069_a_cat_jumps_over_a_baby_gate_cat-Animals_chal-Simple Detail_regionwm_inpaint_signed_ra.png,0.15528583526611328,True,True,True,True,0,1.0,1.0,0.5312,0.9692,0.0019,SILENT_ESCAPE,WATERMARK_SUPPRESSED
0070_a_cartoon_of_a_bear_birthday_party_cat-Animals_chal-Style & Format.png,0070_a_cartoon_of_a_bear_birthday_party_cat-Animals_chal-Style & Format_regionwm_inpaint_signed_ra.png,0.0252227783203125,True,True,True,True,0,1.0,0.9062,0.5938,0.9667,0.0289,SILENT_ESCAPE,WATERMARK_SUPPRESSED
0071_Portrait_of_a_tiger_wearing_a_train_conductors_hat_cat-Animals_chal-Writing & Symbols.png,0071_Portrait_of_a_tiger_wearing_a_train_conductors_hat_cat-Animals_chal-Writing & Symbols_regionwm_inpaint_signed_ra.png,0.14554405212402344,True,True,True,True,0,1.0,1.0,0.6562,0.9749,0.0168,SILENT_ESCAPE,WATERMARK_SUPPRESSED
0072_a_chimpanzee_cat-Animals_chal-Basic.png,0072_a_chimpanzee_cat-Animals_chal-Basic_regionwm_inpaint_signed_ra.png,0.11270713806152344,True,True,True,True,0,1.0,1.0,0.5,0.9857,0.0091,SILENT_ESCAPE,WATERMARK_SUPPRESSED
0073_A_high-contrast_photo_of_a_panda_riding_a_horse_Th_cat-Animals_chal-Complex.png,0073_A_high-contrast_photo_of_a_panda_riding_a_horse_Th_cat-Animals_chal-Complex_regionwm_inpaint_signed_ra.png,0.07460498809814453,True,True,True,True,0,1.0,1.0,0.5312,0.959,0.0,SILENT_ESCAPE,WATERMARK_SUPPRESSED
0074_a_light_shining_on_a_giraffe_in_a_street_cat-Animals_chal-Fine-grained Detail.png,0074_a_light_shining_on_a_giraffe_in_a_street_cat-Animals_chal-Fine-grained Detail_regionwm_inpaint_signed_ra.png,0.148193359375,True,True,True,True,0,1.0,1.0,0.4375,0.9736,0.0221,SILENT_ESCAPE,WATERMARK_SUPPRESSED
0075_a_turkey_walking_in_the_kitchen_cat-Animals_chal-Imagination.png,0075_a_turkey_walking_in_the_kitchen_cat-Animals_chal-Imagination_regionwm_inpaint_signed_ra.png,0.21497344970703125,True,True,True,True,0,1.0,1.0,0.625,0.9487,0.0002,SILENT_ESCAPE,WATERMARK_SUPPRESSED
0076_The_rat_the_cat_the_dog_bit_chased_escaped_cat-Animals_chal-Linguistic Structures.png,0076_The_rat_the_cat_the_dog_bit_chased_escaped_cat-Animals_chal-Linguistic Structures_regionwm_inpaint_signed_ra.png,0.3632240295410156,True,True,True,True,0,1.0,1.0,0.5625,0.9517,0.0005,SILENT_ESCAPE,WATERMARK_SUPPRESSED
0077_a_corgis_head_cat-Animals_chal-Perspective.png,0077_a_corgis_head_cat-Animals_chal-Perspective_regionwm_inpaint_signed_ra.png,0.052832603454589844,True,True,True,True,0,1.0,1.0,0.5,0.9599,0.0003,SILENT_ESCAPE,WATERMARK_SUPPRESSED
0078_Four_dragons_surrounding_a_dinosaur_cat-Animals_chal-Quantity.png,0078_Four_dragons_surrounding_a_dinosaur_cat-Animals_chal-Quantity_regionwm_inpaint_signed_ra.png,0.11059284210205078,True,True,True,True,0,1.0,1.0,0.5312,0.944,0.0093,SILENT_ESCAPE,WATERMARK_SUPPRESSED
0079_a_horse_reading_a_book_cat-Animals_chal-Simple Detail.png,0079_a_horse_reading_a_book_cat-Animals_chal-Simple Detail_regionwm_inpaint_signed_ra.png,0.1388540267944336,True,True,True,True,0,1.0,1.0,0.5938,0.9025,0.0016,SILENT_ESCAPE,WATERMARK_SUPPRESSED
0080_a_capybara_made_of_voxels_sitting_in_a_field_cat-Animals_chal-Style & Format.png,0080_a_capybara_made_of_voxels_sitting_in_a_field_cat-Animals_chal-Style & Format_regionwm_inpaint_signed_ra.png,0.1903076171875,True,True,True,True,0,1.0,1.0,0.4688,0.7754,0.001,SILENT_ESCAPE,WATERMARK_SUPPRESSED
0081_Portrait_of_a_tiger_wearing_a_train_conductors_hat_cat-Animals_chal-Writing & Symbols.png,0081_Portrait_of_a_tiger_wearing_a_train_conductors_hat_cat-Animals_chal-Writing & Symbols_regionwm_inpaint_signed_ra.png,0.07395267486572266,True,True,True,True,0,1.0,1.0,0.5938,0.8972,0.0331,SILENT_ESCAPE,WATERMARK_SUPPRESSED
0082_a_koi_fish_cat-Animals_chal-Basic.png,0082_a_koi_fish_cat-Animals_chal-Basic_regionwm_inpaint_signed_ra.png,0.04132652282714844,True,True,True,True,0,1.0,1.0,0.5625,0.9402,0.0015,SILENT_ESCAPE,WATERMARK_SUPPRESSED
0083_a_racoon_detective_using_a_microscope_while_riding_cat-Animals_chal-Complex.png,0083_a_racoon_detective_using_a_microscope_while_riding_cat-Animals_chal-Complex_regionwm_inpaint_signed_ra.png,0.03738975524902344,True,True,True,True,0,1.0,0.9688,0.4688,0.9381,0.0001,SILENT_ESCAPE,WATERMARK_SUPPRESSED
0084_a_harp_cat-Artifacts_chal-Basic.png,0084_a_harp_cat-Artifacts_chal-Basic_regionwm_inpaint_signed_ra.png,0.059024810791015625,True,True,True,True,0,1.0,1.0,0.4375,0.9279,0.0026,SILENT_ESCAPE,WATERMARK_SUPPRESSED
0085_a_paranoid_android_freaking_out_and_jumping_into_t_cat-Artifacts_chal-Complex.png,0085_a_paranoid_android_freaking_out_and_jumping_into_t_cat-Artifacts_chal-Complex_regionwm_inpaint_signed_ra.png,0.15351009368896484,True,True,True,True,0,1.0,1.0,0.4688,0.9197,0.0655,SILENT_ESCAPE,WATERMARK_SUPPRESSED
0086_cash_on_a_wooden_table_cat-Artifacts_chal-Fine-grained Detail.png,0086_cash_on_a_wooden_table_cat-Artifacts_chal-Fine-grained Detail_regionwm_inpaint_signed_ra.png,0.5947780609130859,True,True,True,True,0,1.0,1.0,0.4688,0.7986,0.0002,SILENT_ESCAPE,WATERMARK_SUPPRESSED
0087_a_watermelon_chair_cat-Artifacts_chal-Imagination.png,0087_a_watermelon_chair_cat-Artifacts_chal-Imagination_regionwm_inpaint_signed_ra.png,0.5129566192626953,True,True,True,True,0,1.0,1.0,0.4062,0.99,0.0189,SILENT_ESCAPE,WATERMARK_SUPPRESSED
0088_The_sculpture_rolled_off_the_shelf_because_it_wasn_cat-Artifacts_chal-Linguistic Structures.png,0088_The_sculpture_rolled_off_the_shelf_because_it_wasn_cat-Artifacts_chal-Linguistic Structures_regionwm_inpaint_signed_ra.png,0.2989997863769531,True,True,True,True,0,1.0,1.0,0.5,0.9775,0.0001,SILENT_ESCAPE,WATERMARK_SUPPRESSED
0089_view_from_below_of_a_tall_white_ladder_with_just_o_cat-Artifacts_chal-Perspective.png,0089_view_from_below_of_a_tall_white_ladder_with_just_o_cat-Artifacts_chal-Perspective_regionwm_inpaint_signed_ra.png,0.14764404296875,True,True,True,True,0,1.0,1.0,0.375,0.9912,0.0001,SILENT_ESCAPE,WATERMARK_SUPPRESSED
0090_a_circular_brown_trash_bin_in_front_of_a_brick_wal_cat-Artifacts_chal-Properties & Positioning.png,0090_a_circular_brown_trash_bin_in_front_of_a_brick_wal_cat-Artifacts_chal-Properties & Positioning_regionwm_inpaint_signed_ra.png,0.25534725189208984,True,True,True,True,0,1.0,1.0,0.5312,0.9834,0.003,SILENT_ESCAPE,WATERMARK_SUPPRESSED
0091_a_full_bookshelf_with_three_shelves_cat-Artifacts_chal-Quantity.png,0091_a_full_bookshelf_with_three_shelves_cat-Artifacts_chal-Quantity_regionwm_inpaint_signed_ra.png,0.06807708740234375,True,True,True,True,0,1.0,1.0,0.5,0.8723,0.0005,SILENT_ESCAPE,WATERMARK_SUPPRESSED
0092_a_milk_container_on_a_table_cat-Artifacts_chal-Simple Detail.png,0092_a_milk_container_on_a_table_cat-Artifacts_chal-Simple Detail_regionwm_inpaint_signed_ra.png,0.5091466903686523,True,True,True,True,0,1.0,1.0,0.5938,0.9745,0.0054,SILENT_ESCAPE,WATERMARK_SUPPRESSED
0093_Oil_painting_of_a_giant_robot_made_of_sushi_holdin_cat-Artifacts_chal-Style & Format.png,0093_Oil_painting_of_a_giant_robot_made_of_sushi_holdin_cat-Artifacts_chal-Style & Format_regionwm_inpaint_signed_ra.png,0.33022022247314453,True,True,True,True,0,1.0,1.0,0.5,0.9799,0.0024,SILENT_ESCAPE,WATERMARK_SUPPRESSED
0094_a_white_towel_with_a_cartoon_of_a_cat_on_it_cat-Artifacts_chal-Writing & Symbols.png,0094_a_white_towel_with_a_cartoon_of_a_cat_on_it_cat-Artifacts_chal-Writing & Symbols_regionwm_inpaint_signed_ra.png,0.03603363037109375,True,True,True,True,0,1.0,1.0,0.5,0.9546,0.001,SILENT_ESCAPE,WATERMARK_SUPPRESSED
0095_a_screwdriver_cat-Artifacts_chal-Basic.png,0095_a_screwdriver_cat-Artifacts_chal-Basic_regionwm_inpaint_signed_ra.png,0.04961204528808594,True,True,True,True,0,1.0,1.0,0.5625,0.9028,0.0008,SILENT_ESCAPE,WATERMARK_SUPPRESSED
0096_a_basketball_to_the_left_of_two_soccer_balls_on_a__cat-Artifacts_chal-Complex.png,0096_a_basketball_to_the_left_of_two_soccer_balls_on_a__cat-Artifacts_chal-Complex_regionwm_inpaint_signed_ra.png,0.10429668426513672,True,True,True,True,0,1.0,1.0,0.4062,0.8766,0.0007,SILENT_ESCAPE,WATERMARK_SUPPRESSED
0097_a_black_baseball_hat_with_a_flame_decal_on_it_cat-Artifacts_chal-Fine-grained Detail.png,0097_a_black_baseball_hat_with_a_flame_decal_on_it_cat-Artifacts_chal-Fine-grained Detail_regionwm_inpaint_signed_ra.png,0.5912942886352539,True,True,True,True,0,1.0,1.0,0.625,0.9614,0.0002,SILENT_ESCAPE,WATERMARK_SUPPRESSED
0098_a_sword_slicing_through_a_loaf_of_bread_cat-Artifacts_chal-Imagination.png,0098_a_sword_slicing_through_a_loaf_of_bread_cat-Artifacts_chal-Imagination_regionwm_inpaint_signed_ra.png,0.36086177825927734,True,True,True,True,0,1.0,1.0,0.6562,0.9694,0.0003,SILENT_ESCAPE,WATERMARK_SUPPRESSED
0099_a_harp_without_any_strings_cat-Artifacts_chal-Linguistic Structures.png,0099_a_harp_without_any_strings_cat-Artifacts_chal-Linguistic Structures_regionwm_inpaint_signed_ra.png,0.1267709732055664,True,True,True,True,0,1.0,1.0,0.5625,0.8794,0.0018,SILENT_ESCAPE,WATERMARK_SUPPRESSED
0100_long_shards_of_a_broken_mirror_reflecting_the_eyes_cat-Artifacts_chal-Perspective.png,0100_long_shards_of_a_broken_mirror_reflecting_the_eyes_cat-Artifacts_chal-Perspective_regionwm_inpaint_signed_ra.png,0.07849311828613281,True,True,True,True,0,1.0,1.0,0.5625,0.9798,0.0002,SILENT_ESCAPE,WATERMARK_SUPPRESSED
0101_several_red_lego_blocks_and_one_blue_one_cat-Artifacts_chal-Properties & Positioning.png,0101_several_red_lego_blocks_and_one_blue_one_cat-Artifacts_chal-Properties & Positioning_regionwm_inpaint_signed_ra.png,0.012814521789550781,True,True,True,True,0,1.0,0.875,0.5625,0.8755,0.0007,SILENT_ESCAPE,WATERMARK_SUPPRESSED
0102_two_beat-up_baseballs_on_either_side_of_a_yellow_b_cat-Artifacts_chal-Quantity.png,0102_two_beat-up_baseballs_on_either_side_of_a_yellow_b_cat-Artifacts_chal-Quantity_regionwm_inpaint_signed_ra.png,0.37218284606933594,True,True,True,True,0,1.0,1.0,0.4375,0.9602,0.0002,SILENT_ESCAPE,WATERMARK_SUPPRESSED
0103_a_flag_furling_in_the_wind_cat-Artifacts_chal-Simple Detail.png,0103_a_flag_furling_in_the_wind_cat-Artifacts_chal-Simple Detail_regionwm_inpaint_signed_ra.png,0.23247146606445312,True,True,True,True,0,1.0,1.0,0.5312,0.9738,0.0218,SILENT_ESCAPE,WATERMARK_SUPPRESSED
0104_A_castle_made_of_cardboard_cat-Artifacts_chal-Style & Format.png,0104_A_castle_made_of_cardboard_cat-Artifacts_chal-Style & Format_regionwm_inpaint_signed_ra.png,0.1415109634399414,True,True,True,True,0,1.0,1.0,0.5,0.9718,0.0003,SILENT_ESCAPE,WATERMARK_SUPPRESSED
0105_a_coffee_mug_with_an_ankh_symbol_on_it_cat-Artifacts_chal-Writing & Symbols.png,0105_a_coffee_mug_with_an_ankh_symbol_on_it_cat-Artifacts_chal-Writing & Symbols_regionwm_inpaint_signed_ra.png,0.23270416259765625,True,True,True,True,0,1.0,1.0,0.5938,0.9852,0.0017,SILENT_ESCAPE,WATERMARK_SUPPRESSED
0106_a_t-shirt_cat-Artifacts_chal-Basic.png,0106_a_t-shirt_cat-Artifacts_chal-Basic_regionwm_inpaint_signed_ra.png,0.009085655212402344,True,True,True,True,0,1.0,0.9062,0.5625,0.9077,0.0002,SILENT_ESCAPE,WATERMARK_SUPPRESSED
0107_a_propaganda_poster_depicting_a_cat_dressed_as_fre_cat-Artifacts_chal-Complex.png,0107_a_propaganda_poster_depicting_a_cat_dressed_as_fre_cat-Artifacts_chal-Complex_regionwm_inpaint_signed_ra.png,0.037937164306640625,True,True,True,True,0,1.0,1.0,0.5,0.9184,0.0003,SILENT_ESCAPE,WATERMARK_SUPPRESSED
0108_a_white_pawn_attacking_a_black_bishop_cat-Artifacts_chal-Fine-grained Detail.png,0108_a_white_pawn_attacking_a_black_bishop_cat-Artifacts_chal-Fine-grained Detail_regionwm_inpaint_signed_ra.png,0.05463695526123047,True,True,True,True,0,1.0,0.9688,0.5312,0.6445,0.0005,SILENT_ESCAPE,WATERMARK_SUPPRESSED
0109_a_clock_with_no_hands_cat-Artifacts_chal-Imagination.png,0109_a_clock_with_no_hands_cat-Artifacts_chal-Imagination_regionwm_inpaint_signed_ra.png,0.14144229888916016,True,True,True,True,0,1.0,1.0,0.4688,0.9652,0.0093,SILENT_ESCAPE,WATERMARK_SUPPRESSED
0110_a_laptop_no_letters_on_its_keyboard_cat-Artifacts_chal-Linguistic Structures.png,0110_a_laptop_no_letters_on_its_keyboard_cat-Artifacts_chal-Linguistic Structures_regionwm_inpaint_signed_ra.png,0.05067729949951172,True,True,True,True,0,1.0,0.9688,0.625,0.9662,0.0049,SILENT_ESCAPE,WATERMARK_SUPPRESSED
0111_view_of_a_clock_tower_from_above_cat-Artifacts_chal-Perspective.png,0111_view_of_a_clock_tower_from_above_cat-Artifacts_chal-Perspective_regionwm_inpaint_signed_ra.png,0.3696117401123047,True,True,True,True,0,1.0,1.0,0.5312,0.9719,0.0008,SILENT_ESCAPE,WATERMARK_SUPPRESSED
0112_a_white_flag_with_a_red_circle_next_to_a_solid_blu_cat-Artifacts_chal-Properties & Positioning.png,0112_a_white_flag_with_a_red_circle_next_to_a_solid_blu_cat-Artifacts_chal-Properties & Positioning_regionwm_inpaint_signed_ra.png,0.0864725112915039,True,True,True,True,0,1.0,1.0,0.5625,0.9618,0.0007,SILENT_ESCAPE,WATERMARK_SUPPRESSED
0113_a_comic_about_two_cats_doing_research_cat-Artifacts_chal-Quantity.png,0113_a_comic_about_two_cats_doing_research_cat-Artifacts_chal-Quantity_regionwm_inpaint_signed_ra.png,0.05208778381347656,True,True,True,True,0,1.0,1.0,0.5625,0.9801,0.0006,SILENT_ESCAPE,WATERMARK_SUPPRESSED
0114_a_yellow_diamond-shaped_sign_cat-Artifacts_chal-Simple Detail.png,0114_a_yellow_diamond-shaped_sign_cat-Artifacts_chal-Simple Detail_regionwm_inpaint_signed_ra.png,0.05336761474609375,True,True,True,True,0,1.0,1.0,0.5938,0.918,0.0018,SILENT_ESCAPE,WATERMARK_SUPPRESSED
0115_a_comic_about_a_friendly_car_in_the_city_cat-Artifacts_chal-Style & Format.png,0115_a_comic_about_a_friendly_car_in_the_city_cat-Artifacts_chal-Style & Format_regionwm_inpaint_signed_ra.png,0.06281375885009766,True,True,True,True,0,1.0,1.0,0.5312,0.8386,0.0168,SILENT_ESCAPE,WATERMARK_SUPPRESSED
0116_a_sweatshirt_with_Batch_Norm_written_on_it_cat-Artifacts_chal-Writing & Symbols.png,0116_a_sweatshirt_with_Batch_Norm_written_on_it_cat-Artifacts_chal-Writing & Symbols_regionwm_inpaint_signed_ra.png,0.5363693237304688,True,True,True,True,0,1.0,1.0,0.5312,0.9899,0.0155,SILENT_ESCAPE,WATERMARK_SUPPRESSED
0117_a_laptop_screen_cat-Artifacts_chal-Basic.png,0117_a_laptop_screen_cat-Artifacts_chal-Basic_regionwm_inpaint_signed_ra.png,0.009667396545410156,True,True,True,True,0,1.0,0.5312,0.5312,0.2641,0.0367,SILENT_ESCAPE,WATERMARK_SUPPRESSED
0118_a_brown_trash_bin_with_a_green_compost_bin_on_its__cat-Artifacts_chal-Complex.png,0118_a_brown_trash_bin_with_a_green_compost_bin_on_its__cat-Artifacts_chal-Complex_regionwm_inpaint_signed_ra.png,0.09838581085205078,True,True,True,True,0,1.0,1.0,0.3438,0.9167,0.0029,SILENT_ESCAPE,WATERMARK_SUPPRESSED
0119_a_chess_queen_to_the_right_of_a_chess_knight_cat-Artifacts_chal-Fine-grained Detail.png,0119_a_chess_queen_to_the_right_of_a_chess_knight_cat-Artifacts_chal-Fine-grained Detail_regionwm_inpaint_signed_ra.png,0.30107879638671875,True,True,True,True,0,1.0,1.0,0.5312,0.9512,0.0089,SILENT_ESCAPE,WATERMARK_SUPPRESSED
0120_an_espresso_machine_that_makes_coffee_from_human_s_cat-Artifacts_chal-Imagination.png,0120_an_espresso_machine_that_makes_coffee_from_human_s_cat-Artifacts_chal-Imagination_regionwm_inpaint_signed_ra.png,0.05940818786621094,True,True,True,True,0,1.0,1.0,0.3125,0.9152,0.0162,SILENT_ESCAPE,WATERMARK_SUPPRESSED
0121_The_sculpture_rolled_off_the_shelf_because_it_wasn_cat-Artifacts_chal-Linguistic Structures.png,0121_The_sculpture_rolled_off_the_shelf_because_it_wasn_cat-Artifacts_chal-Linguistic Structures_regionwm_inpaint_signed_ra.png,0.0720682144165039,True,True,True,True,0,1.0,1.0,0.5312,0.9568,0.0032,SILENT_ESCAPE,WATERMARK_SUPPRESSED
0122_a_close-up_of_the_keys_of_a_piano_cat-Artifacts_chal-Perspective.png,0122_a_close-up_of_the_keys_of_a_piano_cat-Artifacts_chal-Perspective_regionwm_inpaint_signed_ra.png,0.09092235565185547,True,True,True,True,0,1.0,1.0,0.4375,0.9002,0.0005,SILENT_ESCAPE,WATERMARK_SUPPRESSED
0123_a_brown_trash_bin_to_the_left_of_a_blue_recycling__cat-Artifacts_chal-Properties & Positioning.png,0123_a_brown_trash_bin_to_the_left_of_a_blue_recycling__cat-Artifacts_chal-Properties & Positioning_regionwm_inpaint_signed_ra.png,0.12486648559570312,True,True,True,True,0,1.0,1.0,0.5625,0.9606,0.0049,SILENT_ESCAPE,WATERMARK_SUPPRESSED
0124_two_red_balls_on_a_table_cat-Artifacts_chal-Quantity.png,0124_two_red_balls_on_a_table_cat-Artifacts_chal-Quantity_regionwm_inpaint_signed_ra.png,0.14034271240234375,True,True,True,True,0,1.0,1.0,0.3438,0.9948,0.0005,SILENT_ESCAPE,WATERMARK_SUPPRESSED
0125_a_screwdriver_on_a_table_cat-Artifacts_chal-Simple Detail.png,0125_a_screwdriver_on_a_table_cat-Artifacts_chal-Simple Detail_regionwm_inpaint_signed_ra.png,0.2396240234375,True,True,True,True,0,1.0,1.0,0.375,0.9715,0.0061,SILENT_ESCAPE,WATERMARK_SUPPRESSED
0126_The_Starry_Night_cat-Arts_chal-Basic.png,0126_The_Starry_Night_cat-Arts_chal-Basic_regionwm_inpaint_signed_ra.png,0.06929397583007812,True,True,True,True,0,1.0,1.0,0.5,0.8892,0.0002,SILENT_ESCAPE,WATERMARK_SUPPRESSED
0127_A_raccoon_wearing_formal_clothes_wearing_a_tophat__cat-Arts_chal-Complex.png,0127_A_raccoon_wearing_formal_clothes_wearing_a_tophat__cat-Arts_chal-Complex_regionwm_inpaint_signed_ra.png,0.5580472946166992,True,True,True,True,0,1.0,1.0,0.625,0.9719,0.0001,SILENT_ESCAPE,WATERMARK_SUPPRESSED
0128_a_young_badger_delicately_sniffing_a_yellow_rose_r_cat-Arts_chal-Fine-grained Detail.png,0128_a_young_badger_delicately_sniffing_a_yellow_rose_r_cat-Arts_chal-Fine-grained Detail_regionwm_inpaint_signed_ra.png,0.4018058776855469,True,True,True,True,0,1.0,1.0,0.5938,0.9898,0.0003,SILENT_ESCAPE,WATERMARK_SUPPRESSED
0129_A_tornado_made_of_bees_crashing_into_a_skyscraper__cat-Arts_chal-Imagination.png,0129_A_tornado_made_of_bees_crashing_into_a_skyscraper__cat-Arts_chal-Imagination_regionwm_inpaint_signed_ra.png,0.10271358489990234,True,True,True,True,0,1.0,1.0,0.5312,0.9451,0.0724,SILENT_ESCAPE,WATERMARK_SUPPRESSED
0130_an_impressionistic_painting_of_tree_and_a_building_cat-Arts_chal-Style & Format.png,0130_an_impressionistic_painting_of_tree_and_a_building_cat-Arts_chal-Style & Format_regionwm_inpaint_signed_ra.png,0.1156005859375,True,True,True,True,0,1.0,1.0,0.5312,0.9606,0.0031,SILENT_ESCAPE,WATERMARK_SUPPRESSED
0131_an_oil_surrealist_painting_of_a_dreamworld_on_a_se_cat-Arts_chal-Complex.png,0131_an_oil_surrealist_painting_of_a_dreamworld_on_a_se_cat-Arts_chal-Complex_regionwm_inpaint_signed_ra.png,0.20351886749267578,True,True,True,True,0,1.0,1.0,0.4688,0.9757,0.001,SILENT_ESCAPE,WATERMARK_SUPPRESSED
0132_a_super_math_wizard_cat_richly_textured_oil_painti_cat-Arts_chal-Imagination.png,0132_a_super_math_wizard_cat_richly_textured_oil_painti_cat-Arts_chal-Imagination_regionwm_inpaint_signed_ra.png,0.11569881439208984,True,True,True,True,0,1.0,1.0,0.4688,0.7621,0.0001,SILENT_ESCAPE,WATERMARK_SUPPRESSED
0133_a_painting_of_a_sport_car_in_the_style_of_Monet_cat-Arts_chal-Style & Format.png,0133_a_painting_of_a_sport_car_in_the_style_of_Monet_cat-Arts_chal-Style & Format_regionwm_inpaint_signed_ra.png,0.41209983825683594,True,True,True,True,0,1.0,1.0,0.5625,0.9858,0.0012,SILENT_ESCAPE,WATERMARK_SUPPRESSED
0134_a_painting_of_an_ornate_treasure_chest_with_a_broa_cat-Arts_chal-Complex.png,0134_a_painting_of_an_ornate_treasure_chest_with_a_broa_cat-Arts_chal-Complex_regionwm_inpaint_signed_ra.png,0.04619026184082031,True,True,True,True,0,1.0,1.0,0.5312,0.8953,0.0026,SILENT_ESCAPE,WATERMARK_SUPPRESSED
0135_A_tornado_made_of_sharks_crashing_into_a_skyscrape_cat-Arts_chal-Imagination.png,0135_A_tornado_made_of_sharks_crashing_into_a_skyscrape_cat-Arts_chal-Imagination_regionwm_inpaint_signed_ra.png,0.10782146453857422,True,True,True,True,0,1.0,1.0,0.3125,0.9315,0.0003,SILENT_ESCAPE,WATERMARK_SUPPRESSED
0136_portrait_of_a_well-dressed_raccoon_oil_painting_in_cat-Arts_chal-Style & Format.png,0136_portrait_of_a_well-dressed_raccoon_oil_painting_in_cat-Arts_chal-Style & Format_regionwm_inpaint_signed_ra.png,0.35143184661865234,True,True,True,True,0,1.0,1.0,0.5625,0.9607,0.0001,SILENT_ESCAPE,WATERMARK_SUPPRESSED
0137_A_solitary_figure_shrouded_in_mists_peers_up_from__cat-Arts_chal-Complex.png,0137_A_solitary_figure_shrouded_in_mists_peers_up_from__cat-Arts_chal-Complex_regionwm_inpaint_signed_ra.png,0.3069486618041992,True,True,True,True,0,1.0,1.0,0.6562,0.8625,0.0002,SILENT_ESCAPE,WATERMARK_SUPPRESSED
0138_A_tornado_made_of_sharks_crashing_into_a_skyscrape_cat-Arts_chal-Imagination.png,0138_A_tornado_made_of_sharks_crashing_into_a_skyscrape_cat-Arts_chal-Imagination_regionwm_inpaint_signed_ra.png,0.016282081604003906,True,True,True,True,0,1.0,0.875,0.4375,0.9383,0.0003,SILENT_ESCAPE,WATERMARK_SUPPRESSED
0139_an_abstract_painting_of_three_triangles_in_blue_ye_cat-Arts_chal-Style & Format.png,0139_an_abstract_painting_of_three_triangles_in_blue_ye_cat-Arts_chal-Style & Format_regionwm_inpaint_signed_ra.png,0.07352256774902344,True,True,True,True,0,1.0,1.0,0.4688,0.9647,0.0012,SILENT_ESCAPE,WATERMARK_SUPPRESSED
0140_A_raccoon_wearing_formal_clothes_wearing_a_tophat__cat-Arts_chal-Complex.png,0140_A_raccoon_wearing_formal_clothes_wearing_a_tophat__cat-Arts_chal-Complex_regionwm_inpaint_signed_ra.png,0.05732440948486328,True,True,True,True,0,1.0,1.0,0.25,0.8781,0.0,SILENT_ESCAPE,WATERMARK_SUPPRESSED
0141_A_tornado_made_of_tigers_crashing_into_a_skyscrape_cat-Arts_chal-Imagination.png,0141_A_tornado_made_of_tigers_crashing_into_a_skyscrape_cat-Arts_chal-Imagination_regionwm_inpaint_signed_ra.png,0.06031036376953125,True,True,True,True,0,1.0,1.0,0.4375,0.9521,0.0002,SILENT_ESCAPE,WATERMARK_SUPPRESSED
0142_an_abstract_painting_with_blue_red_and_black_cat-Arts_chal-Style & Format.png,0142_an_abstract_painting_with_blue_red_and_black_cat-Arts_chal-Style & Format_regionwm_inpaint_signed_ra.png,0.037395477294921875,True,True,True,True,0,1.0,1.0,0.5312,0.9882,0.0006,SILENT_ESCAPE,WATERMARK_SUPPRESSED
0143_Painting_of_a_panic-stricken_creature_simultaneous_cat-Arts_chal-Complex.png,0143_Painting_of_a_panic-stricken_creature_simultaneous_cat-Arts_chal-Complex_regionwm_inpaint_signed_ra.png,0.3184671401977539,True,True,True,True,0,1.0,1.0,0.625,0.9719,0.0009,SILENT_ESCAPE,WATERMARK_SUPPRESSED
0144_A_tornado_made_of_tigers_crashing_into_a_skyscrape_cat-Arts_chal-Imagination.png,0144_A_tornado_made_of_tigers_crashing_into_a_skyscrape_cat-Arts_chal-Imagination_regionwm_inpaint_signed_ra.png,0.045172691345214844,True,True,True,True,0,1.0,1.0,0.4375,0.9135,0.0036,SILENT_ESCAPE,WATERMARK_SUPPRESSED
0145_an_abstract_painting_of_three_squares_in_blue_yell_cat-Arts_chal-Style & Format.png,0145_an_abstract_painting_of_three_squares_in_blue_yell_cat-Arts_chal-Style & Format_regionwm_inpaint_signed_ra.png,0.12721824645996094,True,True,True,True,0,1.0,1.0,0.5938,0.9901,0.0002,SILENT_ESCAPE,WATERMARK_SUPPRESSED
0146_An_oil_painting_of_two_rabbits_in_the_style_of_Ame_cat-Arts_chal-Complex.png,0146_An_oil_painting_of_two_rabbits_in_the_style_of_Ame_cat-Arts_chal-Complex_regionwm_inpaint_signed_ra.png,0.2706432342529297,True,True,True,True,0,1.0,1.0,0.4688,0.9608,0.0003,SILENT_ESCAPE,WATERMARK_SUPPRESSED
0147_A_tornado_made_of_bees_crashing_into_a_skyscraper__cat-Arts_chal-Imagination.png,0147_A_tornado_made_of_bees_crashing_into_a_skyscraper__cat-Arts_chal-Imagination_regionwm_inpaint_signed_ra.png,0.006451606750488281,True,True,True,True,0,1.0,0.75,0.5938,0.779,0.0,SILENT_ESCAPE,WATERMARK_SUPPRESSED
0148_a_painting_of_a_house_on_a_mountain_cat-Arts_chal-Style & Format.png,0148_a_painting_of_a_house_on_a_mountain_cat-Arts_chal-Style & Format_regionwm_inpaint_signed_ra.png,0.19001293182373047,True,True,True,True,0,1.0,1.0,0.5938,0.9906,0.0007,SILENT_ESCAPE,WATERMARK_SUPPRESSED
0149_A_raccoon_wearing_formal_clothes_wearing_a_top_hat_cat-Arts_chal-Complex.png,0149_A_raccoon_wearing_formal_clothes_wearing_a_top_hat_cat-Arts_chal-Complex_regionwm_inpaint_signed_ra.png,0.038786888122558594,True,True,True,True,0,1.0,1.0,0.5938,0.9509,0.0006,SILENT_ESCAPE,WATERMARK_SUPPRESSED
0150_An_oil_painting_of_a_two-story_house_lifting_off_t_cat-Arts_chal-Imagination.png,0150_An_oil_painting_of_a_two-story_house_lifting_off_t_cat-Arts_chal-Imagination_regionwm_inpaint_signed_ra.png,0.08808231353759766,True,True,True,True,0,1.0,1.0,0.625,0.973,0.0007,SILENT_ESCAPE,WATERMARK_SUPPRESSED
0151_light_and_happiness_throughout_and_finding_its_way_cat-Arts_chal-Style & Format.png,0151_light_and_happiness_throughout_and_finding_its_way_cat-Arts_chal-Style & Format_regionwm_inpaint_signed_ra.png,0.006159782409667969,True,True,True,True,0,1.0,0.8438,0.75,0.462,0.0009,INTEGRITY_CLASH,INTEGRITY_CLASH
0152_A_raccoon_wearing_formal_clothes_wearing_a_tophat__cat-Arts_chal-Complex.png,0152_A_raccoon_wearing_formal_clothes_wearing_a_tophat__cat-Arts_chal-Complex_regionwm_inpaint_signed_ra.png,0.04955768585205078,True,True,True,True,0,1.0,1.0,0.4375,0.9409,0.0003,SILENT_ESCAPE,WATERMARK_SUPPRESSED
0153_A_tornado_made_of_bees_crashing_into_a_skyscraper__cat-Arts_chal-Imagination.png,0153_A_tornado_made_of_bees_crashing_into_a_skyscraper__cat-Arts_chal-Imagination_regionwm_inpaint_signed_ra.png,0.201141357421875,True,True,True,True,0,1.0,1.0,0.6562,0.9884,0.0001,SILENT_ESCAPE,WATERMARK_SUPPRESSED
0154_a_watercolor_painting_of_a_snowy_owl_standing_in_a_cat-Arts_chal-Style & Format.png,0154_a_watercolor_painting_of_a_snowy_owl_standing_in_a_cat-Arts_chal-Style & Format_regionwm_inpaint_signed_ra.png,0.22503089904785156,True,True,True,True,0,1.0,1.0,0.4688,0.9745,0.0004,SILENT_ESCAPE,WATERMARK_SUPPRESSED
0155_A_raccoon_wearing_formal_clothes_wearing_a_tophat__cat-Arts_chal-Complex.png,0155_A_raccoon_wearing_formal_clothes_wearing_a_tophat__cat-Arts_chal-Complex_regionwm_inpaint_signed_ra.png,0.5449237823486328,True,True,True,True,0,1.0,1.0,0.4688,0.9881,0.0001,SILENT_ESCAPE,WATERMARK_SUPPRESSED
0156_A_tornado_made_of_sharks_crashing_into_a_skyscrape_cat-Arts_chal-Imagination.png,0156_A_tornado_made_of_sharks_crashing_into_a_skyscrape_cat-Arts_chal-Imagination_regionwm_inpaint_signed_ra.png,0.039053916931152344,True,True,True,True,0,1.0,1.0,0.5938,0.9938,0.0003,SILENT_ESCAPE,WATERMARK_SUPPRESSED
0157_a_watercolor_painting_of_a_tree_and_a_building_cat-Arts_chal-Style & Format.png,0157_a_watercolor_painting_of_a_tree_and_a_building_cat-Arts_chal-Style & Format_regionwm_inpaint_signed_ra.png,0.23273372650146484,True,True,True,True,0,1.0,1.0,0.4375,0.9811,0.0007,SILENT_ESCAPE,WATERMARK_SUPPRESSED
0158_Oil-on-canvas_painting_of_a_blue_night_sky_with_ro_cat-Arts_chal-Complex.png,0158_Oil-on-canvas_painting_of_a_blue_night_sky_with_ro_cat-Arts_chal-Complex_regionwm_inpaint_signed_ra.png,0.023383140563964844,True,True,True,True,0,1.0,1.0,0.4688,0.9433,0.0001,SILENT_ESCAPE,WATERMARK_SUPPRESSED
0159_A_tornado_made_of_tigers_crashing_into_a_skyscrape_cat-Arts_chal-Imagination.png,0159_A_tornado_made_of_tigers_crashing_into_a_skyscrape_cat-Arts_chal-Imagination_regionwm_inpaint_signed_ra.png,0.032601356506347656,True,True,True,True,0,1.0,1.0,0.4062,0.8694,0.0006,SILENT_ESCAPE,WATERMARK_SUPPRESSED
0160_a_painting_of_a_peaceful_lakeside_landscape_cat-Arts_chal-Style & Format.png,0160_a_painting_of_a_peaceful_lakeside_landscape_cat-Arts_chal-Style & Format_regionwm_inpaint_signed_ra.png,0.13647937774658203,True,True,True,True,0,1.0,1.0,0.4062,0.9892,0.0001,SILENT_ESCAPE,WATERMARK_SUPPRESSED
0161_A_raccoon_wearing_formal_clothes_wearing_a_tophat__cat-Arts_chal-Complex.png,0161_A_raccoon_wearing_formal_clothes_wearing_a_tophat__cat-Arts_chal-Complex_regionwm_inpaint_signed_ra.png,0.042072296142578125,True,True,True,True,0,1.0,1.0,0.5625,0.8296,0.0,SILENT_ESCAPE,WATERMARK_SUPPRESSED
0162_an_abstract_painting_of_a_spaceship_cat-Arts_chal-Style & Format.png,0162_an_abstract_painting_of_a_spaceship_cat-Arts_chal-Style & Format_regionwm_inpaint_signed_ra.png,0.022963523864746094,True,True,True,True,0,1.0,1.0,0.4375,0.9154,0.0,SILENT_ESCAPE,WATERMARK_SUPPRESSED
0163_A_raccoon_wearing_formal_clothes_wearing_a_tophat__cat-Arts_chal-Complex.png,0163_A_raccoon_wearing_formal_clothes_wearing_a_tophat__cat-Arts_chal-Complex_regionwm_inpaint_signed_ra.png,0.5710935592651367,True,True,True,True,0,1.0,1.0,0.5625,0.8228,0.0001,SILENT_ESCAPE,WATERMARK_SUPPRESSED
0164_an_oil_painting_of_a_cat_playing_checkers_cat-Arts_chal-Style & Format.png,0164_an_oil_painting_of_a_cat_playing_checkers_cat-Arts_chal-Style & Format_regionwm_inpaint_signed_ra.png,0.25322818756103516,True,True,True,True,0,1.0,1.0,0.4375,0.945,0.0003,SILENT_ESCAPE,WATERMARK_SUPPRESSED
0165_A_raccoon_wearing_formal_clothes_wearing_a_tophat__cat-Arts_chal-Complex.png,0165_A_raccoon_wearing_formal_clothes_wearing_a_tophat__cat-Arts_chal-Complex_regionwm_inpaint_signed_ra.png,0.030397415161132812,True,True,True,True,0,1.0,1.0,0.5625,0.8378,0.0001,SILENT_ESCAPE,WATERMARK_SUPPRESSED
0166_a_painting_of_a_cute_owl_on_a_box_cat-Arts_chal-Style & Format.png,0166_a_painting_of_a_cute_owl_on_a_box_cat-Arts_chal-Style & Format_regionwm_inpaint_signed_ra.png,0.5684385299682617,True,True,True,True,0,1.0,1.0,0.3438,0.9935,0.0004,SILENT_ESCAPE,WATERMARK_SUPPRESSED
0167_A_raccoon_wearing_formal_clothes_wearing_a_tophat__cat-Arts_chal-Complex.png,0167_A_raccoon_wearing_formal_clothes_wearing_a_tophat__cat-Arts_chal-Complex_regionwm_inpaint_signed_ra.png,0.029099464416503906,True,True,True,True,0,1.0,1.0,0.5312,0.8608,0.0001,SILENT_ESCAPE,WATERMARK_SUPPRESSED
0168_A_bowl_of_Pho_cat-Food & Beverage_chal-Basic.png,0168_A_bowl_of_Pho_cat-Food & Beverage_chal-Basic_regionwm_inpaint_signed_ra.png,0.12685203552246094,True,True,True,True,0,1.0,1.0,0.4688,0.9378,0.0002,SILENT_ESCAPE,WATERMARK_SUPPRESSED
0169_A_photo_of_a_hamburger_fighting_a_hot_dog_in_a_box_cat-Food & Beverage_chal-Complex.png,0169_A_photo_of_a_hamburger_fighting_a_hot_dog_in_a_box_cat-Food & Beverage_chal-Complex_regionwm_inpaint_signed_ra.png,0.035477638244628906,True,True,True,True,0,1.0,0.9375,0.5,0.842,0.0002,SILENT_ESCAPE,WATERMARK_SUPPRESSED
0170_a_can_of_Spam_on_an_elegant_plate_cat-Food & Beverage_chal-Fine-grained Detail.png,0170_a_can_of_Spam_on_an_elegant_plate_cat-Food & Beverage_chal-Fine-grained Detail_regionwm_inpaint_signed_ra.png,0.16748046875,True,True,True,True,0,1.0,1.0,0.5625,0.9723,0.0003,SILENT_ESCAPE,WATERMARK_SUPPRESSED
0171_A_bowl_of_soup_that_looks_like_a_monster_knitted_o_cat-Food & Beverage_chal-Imagination.png,0171_A_bowl_of_soup_that_looks_like_a_monster_knitted_o_cat-Food & Beverage_chal-Imagination_regionwm_inpaint_signed_ra.png,0.2351522445678711,True,True,True,True,0,1.0,1.0,0.5312,0.9462,0.0006,SILENT_ESCAPE,WATERMARK_SUPPRESSED
0172_A_man_sips_a_latte_and_a_woman_a_beer_cat-Food & Beverage_chal-Linguistic Structures.png,0172_A_man_sips_a_latte_and_a_woman_a_beer_cat-Food & Beverage_chal-Linguistic Structures_regionwm_inpaint_signed_ra.png,0.1924724578857422,True,True,True,True,0,1.0,1.0,0.6562,0.9623,0.001,SILENT_ESCAPE,WATERMARK_SUPPRESSED
0173_a_close-up_of_a_long-island_ice_tea_cocktail_cat-Food & Beverage_chal-Perspective.png,0173_a_close-up_of_a_long-island_ice_tea_cocktail_cat-Food & Beverage_chal-Perspective_regionwm_inpaint_signed_ra.png,0.37531089782714844,True,True,True,True,0,1.0,1.0,0.625,0.9803,0.0002,SILENT_ESCAPE,WATERMARK_SUPPRESSED
0174_a_green_pepper_to_the_left_of_a_red_pepper_cat-Food & Beverage_chal-Properties & Positioning.png,0174_a_green_pepper_to_the_left_of_a_red_pepper_cat-Food & Beverage_chal-Properties & Positioning_regionwm_inpaint_signed_ra.png,0.08459186553955078,True,True,True,True,0,1.0,1.0,0.4062,0.9366,0.0005,SILENT_ESCAPE,WATERMARK_SUPPRESSED
0175_three_green_peppers_cat-Food & Beverage_chal-Quantity.png,0175_three_green_peppers_cat-Food & Beverage_chal-Quantity_regionwm_inpaint_signed_ra.png,0.3396873474121094,True,True,True,True,0,1.0,1.0,0.5312,0.9841,0.0034,SILENT_ESCAPE,WATERMARK_SUPPRESSED
0176_a_long-island_ice_tea_cocktail_cat-Food & Beverage_chal-Simple Detail.png,0176_a_long-island_ice_tea_cocktail_cat-Food & Beverage_chal-Simple Detail_regionwm_inpaint_signed_ra.png,0.11009979248046875,True,True,True,True,0,1.0,1.0,0.4688,0.9646,0.0011,SILENT_ESCAPE,WATERMARK_SUPPRESSED
0177_a_painting_of_the_food_of_china_cat-Food & Beverage_chal-Style & Format.png,0177_a_painting_of_the_food_of_china_cat-Food & Beverage_chal-Style & Format_regionwm_inpaint_signed_ra.png,0.14301776885986328,True,True,True,True,0,1.0,1.0,0.5938,0.949,0.0001,SILENT_ESCAPE,WATERMARK_SUPPRESSED
0178_Two_cups_of_coffee_one_with_latte_art_of_yin_yang__cat-Food & Beverage_chal-Writing & Symbols.png,0178_Two_cups_of_coffee_one_with_latte_art_of_yin_yang__cat-Food & Beverage_chal-Writing & Symbols_regionwm_inpaint_signed_ra.png,0.1092386245727539,True,True,True,True,0,1.0,1.0,0.5938,0.7569,0.0014,SILENT_ESCAPE,WATERMARK_SUPPRESSED
0179_a_cup_of_boba_cat-Food & Beverage_chal-Basic.png,0179_a_cup_of_boba_cat-Food & Beverage_chal-Basic_regionwm_inpaint_signed_ra.png,0.5360679626464844,True,True,True,True,0,1.0,1.0,0.375,0.9884,0.0002,SILENT_ESCAPE,WATERMARK_SUPPRESSED
0180_a_pineapple_with_one_beer_to_its_left_and_two_beer_cat-Food & Beverage_chal-Complex.png,0180_a_pineapple_with_one_beer_to_its_left_and_two_beer_cat-Food & Beverage_chal-Complex_regionwm_inpaint_signed_ra.png,0.06493186950683594,True,True,True,True,0,1.0,1.0,0.3125,0.9772,0.0001,SILENT_ESCAPE,WATERMARK_SUPPRESSED
0181_milk_pouring_from_a_glass_into_a_bowl_cat-Food & Beverage_chal-Fine-grained Detail.png,0181_milk_pouring_from_a_glass_into_a_bowl_cat-Food & Beverage_chal-Fine-grained Detail_regionwm_inpaint_signed_ra.png,0.47463321685791016,True,True,True,True,0,1.0,1.0,0.4375,0.9864,0.0002,SILENT_ESCAPE,WATERMARK_SUPPRESSED
0182_A_bowl_of_soup_that_looks_like_a_monster_with_tofu_cat-Food & Beverage_chal-Imagination.png,0182_A_bowl_of_soup_that_looks_like_a_monster_with_tofu_cat-Food & Beverage_chal-Imagination_regionwm_inpaint_signed_ra.png,0.3950328826904297,True,True,True,True,0,1.0,1.0,0.5938,0.9825,0.0005,SILENT_ESCAPE,WATERMARK_SUPPRESSED
0183_a_plate_that_has_no_bananas_on_it_there_is_a_glass_cat-Food & Beverage_chal-Linguistic Structures.png,0183_a_plate_that_has_no_bananas_on_it_there_is_a_glass_cat-Food & Beverage_chal-Linguistic Structures_regionwm_inpaint_signed_ra.png,0.2695636749267578,True,True,True,True,0,1.0,1.0,0.5,0.9866,0.0019,SILENT_ESCAPE,WATERMARK_SUPPRESSED
0184_a_close-up_of_a_margarita_cat-Food & Beverage_chal-Perspective.png,0184_a_close-up_of_a_margarita_cat-Food & Beverage_chal-Perspective_regionwm_inpaint_signed_ra.png,0.1878213882446289,True,True,True,True,0,1.0,1.0,0.4688,0.9691,0.0004,SILENT_ESCAPE,WATERMARK_SUPPRESSED
0185_five_green_peppers_to_the_right_of_two_red_onions_cat-Food & Beverage_chal-Quantity.png,0185_five_green_peppers_to_the_right_of_two_red_onions_cat-Food & Beverage_chal-Quantity_regionwm_inpaint_signed_ra.png,0.07608413696289062,True,True,True,True,0,1.0,0.9688,0.4688,0.8468,0.0003,SILENT_ESCAPE,WATERMARK_SUPPRESSED
0186_slices_of_avocado_on_a_piece_of_toast_cat-Food & Beverage_chal-Simple Detail.png,0186_slices_of_avocado_on_a_piece_of_toast_cat-Food & Beverage_chal-Simple Detail_regionwm_inpaint_signed_ra.png,0.2585620880126953,True,True,True,True,0,1.0,1.0,0.4062,0.9304,0.0016,SILENT_ESCAPE,WATERMARK_SUPPRESSED
0187_orange_jello_in_the_shape_of_a_man_cat-Food & Beverage_chal-Style & Format.png,0187_orange_jello_in_the_shape_of_a_man_cat-Food & Beverage_chal-Style & Format_regionwm_inpaint_signed_ra.png,0.5750846862792969,True,True,True,True,0,1.0,1.0,0.5312,0.945,0.0033,SILENT_ESCAPE,WATERMARK_SUPPRESSED
0188_A_burger_patty_with_the_bottom_bun_and_lettuce_and_cat-Food & Beverage_chal-Writing & Symbols.png,0188_A_burger_patty_with_the_bottom_bun_and_lettuce_and_cat-Food & Beverage_chal-Writing & Symbols_regionwm_inpaint_signed_ra.png,0.054770469665527344,True,True,True,True,0,1.0,1.0,0.5312,0.9687,0.001,SILENT_ESCAPE,WATERMARK_SUPPRESSED
0189_beer_cat-Food & Beverage_chal-Basic.png,0189_beer_cat-Food & Beverage_chal-Basic_regionwm_inpaint_signed_ra.png,0.21904373168945312,True,True,True,True,0,1.0,1.0,0.5,0.975,0.0062,SILENT_ESCAPE,WATERMARK_SUPPRESSED
0190_a_glass_of_orange_juice_to_the_right_of_a_plate_wi_cat-Food & Beverage_chal-Complex.png,0190_a_glass_of_orange_juice_to_the_right_of_a_plate_wi_cat-Food & Beverage_chal-Complex_regionwm_inpaint_signed_ra.png,0.2027873992919922,True,True,True,True,0,1.0,1.0,0.4062,0.9744,0.0004,SILENT_ESCAPE,WATERMARK_SUPPRESSED
0191_a_roast_turkey_being_taken_out_of_the_oven_cat-Food & Beverage_chal-Fine-grained Detail.png,0191_a_roast_turkey_being_taken_out_of_the_oven_cat-Food & Beverage_chal-Fine-grained Detail_regionwm_inpaint_signed_ra.png,0.055174827575683594,True,True,True,True,0,1.0,1.0,0.5938,0.9641,0.0003,SILENT_ESCAPE,WATERMARK_SUPPRESSED
0192_a_full_pitcher_of_beer_with_an_elephants_trunk_in__cat-Food & Beverage_chal-Imagination.png,0192_a_full_pitcher_of_beer_with_an_elephants_trunk_in__cat-Food & Beverage_chal-Imagination_regionwm_inpaint_signed_ra.png,0.20537757873535156,True,True,True,True,0,1.0,1.0,0.375,0.8211,0.0007,SILENT_ESCAPE,WATERMARK_SUPPRESSED
0193_a_close-up_of_an_old-fashioned_cocktail_cat-Food & Beverage_chal-Perspective.png,0193_a_close-up_of_an_old-fashioned_cocktail_cat-Food & Beverage_chal-Perspective_regionwm_inpaint_signed_ra.png,0.4554786682128906,True,True,True,True,0,1.0,1.0,0.5938,0.9756,0.0007,SILENT_ESCAPE,WATERMARK_SUPPRESSED
0194_a_plate_with_white_rice_topped_by_cooked_vegetable_cat-Food & Beverage_chal-Simple Detail.png,0194_a_plate_with_white_rice_topped_by_cooked_vegetable_cat-Food & Beverage_chal-Simple Detail_regionwm_inpaint_signed_ra.png,0.0809173583984375,True,True,True,True,0,1.0,1.0,0.5938,0.9808,0.001,SILENT_ESCAPE,WATERMARK_SUPPRESSED
0195_Two_cups_of_coffee_one_with_latte_art_of_a_heart_T_cat-Food & Beverage_chal-Writing & Symbols.png,0195_Two_cups_of_coffee_one_with_latte_art_of_a_heart_T_cat-Food & Beverage_chal-Writing & Symbols_regionwm_inpaint_signed_ra.png,0.033774375915527344,True,True,True,True,0,1.0,1.0,0.5,0.9433,0.0002,SILENT_ESCAPE,WATERMARK_SUPPRESSED
0196_a_green_pepper_cat-Food & Beverage_chal-Basic.png,0196_a_green_pepper_cat-Food & Beverage_chal-Basic_regionwm_inpaint_signed_ra.png,0.11530494689941406,True,True,True,True,0,1.0,1.0,0.5938,0.9371,0.0012,SILENT_ESCAPE,WATERMARK_SUPPRESSED
0197_a_bottle_of_beer_next_to_an_ashtray_with_a_half-sm_cat-Food & Beverage_chal-Complex.png,0197_a_bottle_of_beer_next_to_an_ashtray_with_a_half-sm_cat-Food & Beverage_chal-Complex_regionwm_inpaint_signed_ra.png,0.4207954406738281,True,True,True,True,0,1.0,1.0,0.4375,0.986,0.0002,SILENT_ESCAPE,WATERMARK_SUPPRESSED
0198_a_bloody_mary_cocktail_next_to_a_napkin_cat-Food & Beverage_chal-Fine-grained Detail.png,0198_a_bloody_mary_cocktail_next_to_a_napkin_cat-Food & Beverage_chal-Fine-grained Detail_regionwm_inpaint_signed_ra.png,0.25421619415283203,True,True,True,True,0,1.0,1.0,0.4375,0.983,0.0003,SILENT_ESCAPE,WATERMARK_SUPPRESSED
0199_A_bowl_of_soup_that_looks_like_a_monster_spray-pai_cat-Food & Beverage_chal-Imagination.png,0199_A_bowl_of_soup_that_looks_like_a_monster_spray-pai_cat-Food & Beverage_chal-Imagination_regionwm_inpaint_signed_ra.png,0.26129722595214844,True,True,True,True,0,1.0,1.0,0.5312,0.9854,0.0021,SILENT_ESCAPE,WATERMARK_SUPPRESSED
