method,rho,n,bit_accuracy_mean,bit_accuracy_ci95,escape_rate_pct,escape_rate_ci95_pct,region_retention_mean,manifest_valid_rate_pct,defense_flag_rate_among_escapes_pct,paired_escape_difference_vs_center_pp,paired_difference_ci95_pp
bottom,0.0,200,0.988437,"[0.9806, 0.9942]",1.0,"[0.27, 3.57]",1.0,100.0,50.0,0.0,"[0.0, 0.0]"
bottom,0.1,200,0.949219,"[0.9333, 0.9636]",6.5,"[3.84, 10.8]",0.880298,100.0,30.769,-1.0,"[-4.0, 2.0]"
bottom,0.2,200,0.909687,"[0.8864, 0.9313]",15.5,"[11.14, 21.16]",0.781785,100.0,67.742,8.0,"[3.5, 12.5]"
bottom,0.3,200,0.877656,"[0.8505, 0.903]",21.0,"[15.93, 27.16]",0.6963,100.0,78.571,10.0,"[5.0, 15.0]"
bottom,0.4,200,0.84,"[0.81, 0.8684]",28.5,"[22.7, 35.12]",0.61358,100.0,78.947,11.5,"[5.5, 18.0]"
bottom,0.5,200,0.808906,"[0.7784, 0.8395]",36.0,"[29.67, 42.86]",0.523169,100.0,81.944,10.5,"[4.0, 17.5]"
bottom,0.6,200,0.79625,"[0.7628, 0.828]",38.5,"[32.03, 45.4]",0.439406,100.0,88.312,2.5,"[-5.5, 10.0]"
bottom,0.7,200,0.753125,"[0.7225, 0.7853]",47.5,"[40.69, 54.4]",0.362951,100.0,85.263,3.5,"[-4.51, 12.0]"
bottom,0.8,200,0.591406,"[0.5752, 0.6078]",87.0,"[81.63, 90.97]",0.255566,100.0,58.046,32.0,"[24.0, 40.0]"
center,0.0,200,0.988437,"[0.9814, 0.9944]",1.0,"[0.27, 3.57]",1.0,100.0,50.0,0.0,"[0.0, 0.0]"
center,0.1,200,0.947656,"[0.9319, 0.9622]",7.5,"[4.6, 12.0]",0.923393,100.0,20.0,0.0,"[0.0, 0.0]"
center,0.2,200,0.939844,"[0.9222, 0.9553]",7.5,"[4.6, 12.0]",0.777944,100.0,26.667,0.0,"[0.0, 0.0]"
center,0.3,200,0.927344,"[0.9073, 0.9464]",11.0,"[7.38, 16.09]",0.650005,100.0,40.909,0.0,"[0.0, 0.0]"
center,0.4,200,0.894219,"[0.8703, 0.917]",17.0,"[12.43, 22.82]",0.540343,100.0,50.0,0.0,"[0.0, 0.0]"
center,0.5,200,0.859688,"[0.83, 0.8886]",25.5,"[19.96, 31.96]",0.451195,100.0,62.745,0.0,"[0.0, 0.0]"
center,0.6,200,0.810312,"[0.7794, 0.8403]",36.0,"[29.67, 42.86]",0.377824,100.0,80.556,0.0,"[0.0, 0.0]"
center,0.7,200,0.770312,"[0.7367, 0.8008]",44.0,"[37.3, 50.93]",0.287576,100.0,94.318,0.0,"[0.0, 0.0]"
center,0.8,200,0.72125,"[0.6877, 0.7539]",55.0,"[48.08, 61.74]",0.210618,100.0,94.545,0.0,"[0.0, 0.0]"
left,0.0,200,0.988437,"[0.9812, 0.9942]",1.0,"[0.27, 3.57]",1.0,100.0,50.0,0.0,"[0.0, 0.0]"
left,0.1,200,0.9475,"[0.9314, 0.9617]",5.5,"[3.1, 9.58]",0.88529,100.0,36.364,-2.0,"[-4.5, 0.0]"
left,0.2,200,0.927969,"[0.9061, 0.9478]",9.5,"[6.17, 14.36]",0.793624,100.0,68.421,2.0,"[-1.5, 6.0]"
left,0.3,200,0.911406,"[0.8867, 0.9336]",13.0,"[9.03, 18.37]",0.687784,100.0,69.231,2.0,"[-2.5, 6.5]"
left,0.4,200,0.886875,"[0.8616, 0.9133]",18.5,"[13.73, 24.46]",0.587062,100.0,78.378,1.5,"[-4.5, 7.0]"
left,0.5,200,0.845625,"[0.8164, 0.8722]",26.0,"[20.41, 32.49]",0.474914,100.0,75.0,0.5,"[-6.5, 7.5]"
left,0.6,200,0.836406,"[0.8072, 0.8639]",29.0,"[23.15, 35.64]",0.38607,100.0,81.034,-7.0,"[-15.0, 1.0]"
left,0.7,200,0.780625,"[0.7505, 0.8109]",40.0,"[33.46, 46.92]",0.306545,100.0,77.5,-4.0,"[-14.0, 5.5]"
left,0.8,200,0.614688,"[0.5956, 0.6341]",77.5,"[71.23, 82.74]",0.20314,100.0,58.065,22.5,"[13.0, 31.01]"
mask_aware,0.0,200,0.988437,"[0.9811, 0.9942]",1.0,"[0.27, 3.57]",1.0,100.0,50.0,0.0,"[0.0, 0.0]"
mask_aware,0.1,200,0.936094,"[0.9191, 0.9522]",7.0,"[4.22, 11.41]",0.705655,100.0,57.143,-0.5,"[-3.0, 2.0]"
mask_aware,0.2,200,0.845781,"[0.8159, 0.8742]",29.0,"[23.15, 35.64]",0.485197,100.0,77.586,21.5,"[16.0, 27.5]"
mask_aware,0.3,200,0.7875,"[0.7533, 0.82]",39.5,"[32.98, 46.41]",0.309671,100.0,93.671,28.5,"[22.0, 35.01]"
mask_aware,0.4,200,0.715156,"[0.6808, 0.7463]",55.0,"[48.08, 61.74]",0.196607,100.0,92.727,38.0,"[31.5, 44.5]"
mask_aware,0.5,200,0.652344,"[0.6211, 0.6842]",69.0,"[62.28, 75.0]",0.106016,100.0,97.101,43.5,"[37.0, 50.5]"
mask_aware,0.6,200,0.627969,"[0.5991, 0.6589]",73.5,"[66.98, 79.13]",0.061949,100.0,97.959,37.5,"[30.5, 44.5]"
mask_aware,0.7,200,0.568906,"[0.545, 0.5941]",86.0,"[80.51, 90.13]",0.03339,100.0,95.93,42.0,"[34.0, 50.0]"
mask_aware,0.8,200,0.521875,"[0.5084, 0.5359]",97.0,"[93.61, 98.62]",0.018481,100.0,93.299,42.0,"[34.5, 49.5]"
random,0.0,200,0.988437,"[0.9812, 0.9941]",1.0,"[0.27, 3.57]",1.0,100.0,50.0,0.0,"[0.0, 0.0]"
random,0.1,200,0.949219,"[0.9342, 0.9641]",6.5,"[3.84, 10.8]",0.902134,100.0,23.077,-1.0,"[-4.0, 2.0]"
random,0.2,200,0.937031,"[0.9192, 0.9539]",10.0,"[6.57, 14.94]",0.785874,100.0,40.0,2.5,"[0.0, 5.0]"
random,0.3,200,0.913594,"[0.8906, 0.9345]",14.5,"[10.29, 20.05]",0.680136,100.0,37.931,3.5,"[0.5, 7.0]"
random,0.4,200,0.888594,"[0.8622, 0.9119]",18.0,"[13.29, 23.91]",0.563568,100.0,77.778,1.0,"[-3.5, 5.5]"
random,0.5,200,0.854688,"[0.8244, 0.8831]",28.5,"[22.7, 35.12]",0.46552,100.0,68.421,3.0,"[-1.5, 8.0]"
random,0.6,200,0.823594,"[0.7925, 0.8558]",32.0,"[25.93, 38.75]",0.384255,100.0,87.5,-4.0,"[-9.5, 1.5]"
random,0.7,200,0.802969,"[0.7714, 0.833]",34.5,"[28.26, 41.32]",0.305005,100.0,97.101,-9.5,"[-15.5, -3.0]"
random,0.8,200,0.730469,"[0.6983, 0.7617]",49.0,"[42.16, 55.88]",0.19354,100.0,90.816,-6.0,"[-13.0, 0.5]"
right,0.0,200,0.988437,"[0.9814, 0.9945]",1.0,"[0.27, 3.57]",1.0,100.0,50.0,0.0,"[0.0, 0.0]"
right,0.1,200,0.95375,"[0.9397, 0.9659]",4.0,"[2.04, 7.69]",0.907687,100.0,12.5,-3.5,"[-6.5, -1.0]"
right,0.2,200,0.933594,"[0.9158, 0.9508]",7.5,"[4.6, 12.0]",0.813248,100.0,46.667,0.0,"[-4.0, 3.51]"
right,0.3,200,0.912188,"[0.8908, 0.9333]",13.5,"[9.45, 18.93]",0.706975,100.0,55.556,2.5,"[-2.5, 7.5]"
right,0.4,200,0.890781,"[0.8639, 0.9159]",18.5,"[13.73, 24.46]",0.627667,100.0,59.459,1.5,"[-4.0, 7.01]"
right,0.5,200,0.858437,"[0.832, 0.8839]",24.5,"[19.06, 30.9]",0.525086,100.0,57.143,-1.0,"[-7.5, 5.5]"
right,0.6,200,0.850938,"[0.8228, 0.8789]",25.5,"[19.96, 31.96]",0.429776,100.0,74.51,-10.5,"[-18.0, -3.0]"
right,0.7,200,0.780156,"[0.7527, 0.8084]",37.5,"[31.09, 44.39]",0.328703,100.0,76.0,-6.5,"[-15.5, 2.5]"
right,0.8,200,0.612187,"[0.5927, 0.632]",81.0,"[75.0, 85.83]",0.220811,100.0,56.79,26.0,"[17.0, 33.5]"
top,0.0,200,0.988437,"[0.9816, 0.9942]",1.0,"[0.27, 3.57]",1.0,100.0,50.0,0.0,"[0.0, 0.0]"
top,0.1,200,0.955937,"[0.9428, 0.9678]",4.5,"[2.39, 8.33]",0.870003,100.0,33.333,-3.0,"[-6.0, -0.5]"
top,0.2,200,0.932969,"[0.9141, 0.9502]",11.0,"[7.38, 16.09]",0.761747,100.0,59.091,3.5,"[-1.0, 8.0]"
top,0.3,200,0.89875,"[0.8758, 0.9214]",16.5,"[12.0, 22.27]",0.649956,100.0,81.818,5.5,"[-0.5, 11.5]"
top,0.4,200,0.868125,"[0.8416, 0.8938]",22.5,"[17.26, 28.77]",0.57394,100.0,84.444,5.5,"[-2.0, 12.0]"
top,0.5,200,0.824531,"[0.7953, 0.8534]",32.5,"[26.39, 39.27]",0.476831,100.0,86.154,7.0,"[-1.0, 14.5]"
top,0.6,200,0.792344,"[0.762, 0.8236]",38.5,"[32.03, 45.4]",0.399816,100.0,89.61,2.5,"[-6.0, 11.0]"
top,0.7,200,0.707969,"[0.6784, 0.7375]",55.5,"[48.57, 62.22]",0.317083,100.0,82.883,11.5,"[1.5, 22.0]"
top,0.8,200,0.563281,"[0.5473, 0.5789]",92.0,"[87.4, 95.02]",0.231467,100.0,69.565,37.0,"[29.0, 45.0]"
