image,crop_frac,manifest_valid,region_assertion_present,payload_hash_ok,bit_accuracy,region_in_frame,logit_in_region,audit_v1_deployed,audit_v2_region_aware,region_occupancy,region_retention,honest_manifest_verdict,benign_region_false_flag,baseline_qualified
0000_happiness_cat-Abstract_chal-Basic.png,0.1,True,True,True,0.5938,0.91139,0.4907,SILENT_ESCAPE,WATERMARK_SUPPRESSED,0.02663,0.91139,WATERMARK_SUPPRESSED,True,True
0000_happiness_cat-Abstract_chal-Basic.png,0.2,True,True,True,0.5625,0.03797,0.16,SILENT_ESCAPE,TAMPERED_REGION,0.00208,0.03797,TAMPERED_REGION,True,True
0001_A_city_in_4-dimensional_space-time_cat-Abstract_chal-Imagination.png,0.1,True,True,True,1.0,1.0,0.9986,INTEGRITY_CLASH,INTEGRITY_CLASH,0.21006,1.0,CONSISTENT_SYNTHETIC,False,True
0001_A_city_in_4-dimensional_space-time_cat-Abstract_chal-Imagination.png,0.2,True,True,True,1.0,1.0,0.9737,INTEGRITY_CLASH,INTEGRITY_CLASH,0.39335,1.0,CONSISTENT_SYNTHETIC,False,True
0002_Pneumonoultramicroscopicsilicovolcanoconiosis_cat-Abstract_chal-Linguistic Structures.png,0.1,True,True,True,1.0,1.0,0.9604,INTEGRITY_CLASH,INTEGRITY_CLASH,0.07359,1.0,CONSISTENT_SYNTHETIC,False,True
0002_Pneumonoultramicroscopicsilicovolcanoconiosis_cat-Abstract_chal-Linguistic Structures.png,0.2,True,True,True,1.0,1.0,0.9402,INTEGRITY_CLASH,INTEGRITY_CLASH,0.13781,1.0,CONSISTENT_SYNTHETIC,False,True
0003_Oil_painting_generated_by_artificial_intelligence_cat-Abstract_chal-Style & Format.png,0.1,True,True,True,1.0,0.66966,0.9811,INTEGRITY_CLASH,INTEGRITY_CLASH,0.22041,0.66966,CONSISTENT_SYNTHETIC,False,True
0003_Oil_painting_generated_by_artificial_intelligence_cat-Abstract_chal-Style & Format.png,0.2,True,True,True,1.0,0.34719,0.9693,INTEGRITY_CLASH,INTEGRITY_CLASH,0.21399,0.34719,CONSISTENT_SYNTHETIC,False,True
0004_metal_cat-Abstract_chal-Basic.png,0.1,True,True,True,1.0,1.0,0.994,INTEGRITY_CLASH,INTEGRITY_CLASH,0.13388,1.0,CONSISTENT_SYNTHETIC,False,True
0004_metal_cat-Abstract_chal-Basic.png,0.2,True,True,True,1.0,1.0,0.986,INTEGRITY_CLASH,INTEGRITY_CLASH,0.25069,1.0,CONSISTENT_SYNTHETIC,False,True
0005_a_lizard_cat-Animals_chal-Basic.png,0.1,True,True,True,1.0,0.53243,0.8573,INTEGRITY_CLASH,INTEGRITY_CLASH,0.26109,0.53243,CONSISTENT_SYNTHETIC,False,True
0005_a_lizard_cat-Animals_chal-Basic.png,0.2,True,True,True,1.0,0.17044,0.8015,INTEGRITY_CLASH,INTEGRITY_CLASH,0.15651,0.17044,CONSISTENT_SYNTHETIC,False,True
0006_a_blue_cow_is_standing_next_to_a_tree_with_red_lea_cat-Animals_chal-Complex.png,0.1,True,True,True,0.8438,0.6747,0.9296,INTEGRITY_CLASH,INTEGRITY_CLASH,0.04142,0.6747,CONSISTENT_SYNTHETIC,False,True
0006_a_blue_cow_is_standing_next_to_a_tree_with_red_lea_cat-Animals_chal-Complex.png,0.2,True,True,True,0.9062,0.57229,0.9124,INTEGRITY_CLASH,INTEGRITY_CLASH,0.06579,0.57229,CONSISTENT_SYNTHETIC,False,True
0007_a_tall_horse_next_to_a_red_car_cat-Animals_chal-Fine-grained Detail.png,0.1,True,True,True,0.8438,0.27901,0.4368,INTEGRITY_CLASH,INTEGRITY_CLASH,0.04179,0.27901,CONSISTENT_SYNTHETIC,False,True
0007_a_tall_horse_next_to_a_red_car_cat-Animals_chal-Fine-grained Detail.png,0.2,True,True,True,0.4375,0.0,0.0,SILENT_ESCAPE,TAMPERED_REGION,0.0,0.0,TAMPERED_REGION,True,True
0008_a_pig_face_with_an_eye_patch_cat-Animals_chal-Imagination.png,0.1,True,True,True,1.0,0.42025,0.9597,INTEGRITY_CLASH,INTEGRITY_CLASH,0.35762,0.42025,CONSISTENT_SYNTHETIC,False,True
0008_a_pig_face_with_an_eye_patch_cat-Animals_chal-Imagination.png,0.2,True,True,True,0.8125,0.06519,0.9737,INTEGRITY_CLASH,INTEGRITY_CLASH,0.10388,0.06519,CONSISTENT_SYNTHETIC,False,True
0009_The_mouse_the_cat_watches_is_jumping_in_the_air_cat-Animals_chal-Linguistic Structures.png,0.1,True,True,True,1.0,0.59925,0.9864,INTEGRITY_CLASH,INTEGRITY_CLASH,0.47115,0.59925,CONSISTENT_SYNTHETIC,False,True
0009_The_mouse_the_cat_watches_is_jumping_in_the_air_cat-Animals_chal-Linguistic Structures.png,0.2,True,True,True,0.9688,0.23001,0.984,INTEGRITY_CLASH,INTEGRITY_CLASH,0.33864,0.23001,CONSISTENT_SYNTHETIC,False,True
0010_a_harp_cat-Artifacts_chal-Basic.png,0.1,True,True,True,1.0,0.98792,0.9783,INTEGRITY_CLASH,INTEGRITY_CLASH,0.42345,0.98792,CONSISTENT_SYNTHETIC,False,True
0010_a_harp_cat-Artifacts_chal-Basic.png,0.2,True,True,True,1.0,0.77998,0.9822,INTEGRITY_CLASH,INTEGRITY_CLASH,0.62604,0.77998,CONSISTENT_SYNTHETIC,False,True
0011_a_paranoid_android_freaking_out_and_jumping_into_t_cat-Artifacts_chal-Complex.png,0.1,True,True,True,0.9375,1.0,0.9612,INTEGRITY_CLASH,INTEGRITY_CLASH,0.07175,1.0,CONSISTENT_SYNTHETIC,False,True
0011_a_paranoid_android_freaking_out_and_jumping_into_t_cat-Artifacts_chal-Complex.png,0.2,True,True,True,0.9062,0.80412,0.9779,INTEGRITY_CLASH,INTEGRITY_CLASH,0.10803,0.80412,CONSISTENT_SYNTHETIC,False,True
0012_cash_on_a_wooden_table_cat-Artifacts_chal-Fine-grained Detail.png,0.1,True,True,True,0.9375,0.27788,0.8622,INTEGRITY_CLASH,INTEGRITY_CLASH,0.05806,0.27788,CONSISTENT_SYNTHETIC,False,True
0012_cash_on_a_wooden_table_cat-Artifacts_chal-Fine-grained Detail.png,0.2,True,True,True,0.4688,0.0,0.0,SILENT_ESCAPE,TAMPERED_REGION,0.0,0.0,TAMPERED_REGION,True,True
0013_a_watermelon_chair_cat-Artifacts_chal-Imagination.png,0.1,True,True,True,1.0,0.39001,0.9032,INTEGRITY_CLASH,INTEGRITY_CLASH,0.10688,0.39001,CONSISTENT_SYNTHETIC,False,True
0013_a_watermelon_chair_cat-Artifacts_chal-Imagination.png,0.2,True,True,True,0.4062,0.0,0.0,SILENT_ESCAPE,TAMPERED_REGION,0.0,0.0,TAMPERED_REGION,True,True
0014_The_Starry_Night_cat-Arts_chal-Basic.png,0.1,True,True,True,0.6875,0.26238,0.8621,SILENT_ESCAPE,SILENT_OTHER,0.0196,0.26238,BENIGN_NO_FLAG,False,True
0014_The_Starry_Night_cat-Arts_chal-Basic.png,0.2,True,True,True,0.5,0.0,0.0,SILENT_ESCAPE,TAMPERED_REGION,0.0,0.0,TAMPERED_REGION,True,True
0015_A_raccoon_wearing_formal_clothes_wearing_a_tophat__cat-Arts_chal-Complex.png,0.1,True,True,True,1.0,1.0,0.5888,INTEGRITY_CLASH,INTEGRITY_CLASH,0.07175,1.0,CONSISTENT_SYNTHETIC,False,True
0015_A_raccoon_wearing_formal_clothes_wearing_a_tophat__cat-Arts_chal-Complex.png,0.2,True,True,True,0.6875,0.33505,0.535,SILENT_ESCAPE,SILENT_OTHER,0.04501,0.33505,BENIGN_NO_FLAG,False,True
0016_a_young_badger_delicately_sniffing_a_yellow_rose_r_cat-Arts_chal-Fine-grained Detail.png,0.1,True,True,True,1.0,0.2854,0.9458,INTEGRITY_CLASH,INTEGRITY_CLASH,0.14534,0.2854,CONSISTENT_SYNTHETIC,False,True
0016_a_young_badger_delicately_sniffing_a_yellow_rose_r_cat-Arts_chal-Fine-grained Detail.png,0.2,True,True,True,0.6562,0.01961,0.9319,SILENT_ESCAPE,TAMPERED_REGION,0.0187,0.01961,TAMPERED_REGION,True,True
0017_A_tornado_made_of_bees_crashing_into_a_skyscraper__cat-Arts_chal-Imagination.png,0.1,True,True,True,1.0,1.0,0.978,INTEGRITY_CLASH,INTEGRITY_CLASH,0.17234,1.0,CONSISTENT_SYNTHETIC,False,True
0017_A_tornado_made_of_bees_crashing_into_a_skyscraper__cat-Arts_chal-Imagination.png,0.2,True,True,True,1.0,0.83047,0.9842,INTEGRITY_CLASH,INTEGRITY_CLASH,0.26801,0.83047,CONSISTENT_SYNTHETIC,False,True
0018_A_bowl_of_Pho_cat-Food & Beverage_chal-Basic.png,0.1,True,True,True,1.0,0.39114,0.9299,INTEGRITY_CLASH,INTEGRITY_CLASH,0.11428,0.39114,CONSISTENT_SYNTHETIC,False,True
0018_A_bowl_of_Pho_cat-Food & Beverage_chal-Basic.png,0.2,True,True,True,0.5,0.02152,0.9295,SILENT_ESCAPE,TAMPERED_REGION,0.01177,0.02152,TAMPERED_REGION,True,True
0019_A_photo_of_a_hamburger_fighting_a_hot_dog_in_a_box_cat-Food & Beverage_chal-Complex.png,0.1,True,True,True,1.0,1.0,0.9843,INTEGRITY_CLASH,INTEGRITY_CLASH,0.15311,1.0,CONSISTENT_SYNTHETIC,False,True
0019_A_photo_of_a_hamburger_fighting_a_hot_dog_in_a_box_cat-Food & Beverage_chal-Complex.png,0.2,True,True,True,0.9688,0.90338,0.991,INTEGRITY_CLASH,INTEGRITY_CLASH,0.259,0.90338,CONSISTENT_SYNTHETIC,False,True
0020_a_can_of_Spam_on_an_elegant_plate_cat-Food & Beverage_chal-Fine-grained Detail.png,0.1,True,True,True,1.0,0.64187,0.9976,INTEGRITY_CLASH,INTEGRITY_CLASH,0.53291,0.64187,CONSISTENT_SYNTHETIC,False,True
0020_a_can_of_Spam_on_an_elegant_plate_cat-Food & Beverage_chal-Fine-grained Detail.png,0.2,True,True,True,1.0,0.33541,0.9957,INTEGRITY_CLASH,INTEGRITY_CLASH,0.52147,0.33541,CONSISTENT_SYNTHETIC,False,True
0021_A_bowl_of_soup_that_looks_like_a_monster_knitted_o_cat-Food & Beverage_chal-Imagination.png,0.1,True,True,True,0.9688,0.32735,0.8865,INTEGRITY_CLASH,INTEGRITY_CLASH,0.11464,0.32735,CONSISTENT_SYNTHETIC,False,True
0021_A_bowl_of_soup_that_looks_like_a_monster_knitted_o_cat-Food & Beverage_chal-Imagination.png,0.2,True,True,True,0.5,0.01056,0.9262,SILENT_ESCAPE,TAMPERED_REGION,0.00693,0.01056,TAMPERED_REGION,True,True
0022_concurrent_lines_cat-Illustrations_chal-Basic.png,0.1,True,True,True,0.4062,0.1497,0.1433,SILENT_ESCAPE,WATERMARK_SUPPRESSED,0.00925,0.1497,WATERMARK_SUPPRESSED,True,True
0022_concurrent_lines_cat-Illustrations_chal-Basic.png,0.2,True,True,True,0.4062,0.0,0.0,SILENT_ESCAPE,TAMPERED_REGION,0.0,0.0,TAMPERED_REGION,True,True
0023_A_set_of_2x2_emoji_icons_with_happy_angry_surprise_cat-Illustrations_chal-Complex.png,0.1,True,True,True,1.0,0.39715,0.9339,INTEGRITY_CLASH,INTEGRITY_CLASH,0.23706,0.39715,CONSISTENT_SYNTHETIC,False,True
0023_A_set_of_2x2_emoji_icons_with_happy_angry_surprise_cat-Illustrations_chal-Complex.png,0.2,True,True,True,1.0,0.27014,0.9464,INTEGRITY_CLASH,INTEGRITY_CLASH,0.30194,0.27014,CONSISTENT_SYNTHETIC,False,True
0024_a_kids_book_cover_with_an_illustration_of_white_do_cat-Illustrations_chal-Fine-grained Detail.png,0.1,True,True,True,0.625,0.01899,0.0016,SILENT_ESCAPE,TAMPERED_REGION,0.00111,0.01899,TAMPERED_REGION,True,True
0024_a_kids_book_cover_with_an_illustration_of_white_do_cat-Illustrations_chal-Fine-grained Detail.png,0.2,True,True,True,0.625,0.0,0.0,SILENT_ESCAPE,TAMPERED_REGION,0.0,0.0,TAMPERED_REGION,True,True
0025_a_triangle_with_a_smiling_face_cat-Illustrations_chal-Imagination.png,0.1,True,True,True,1.0,1.0,0.9926,INTEGRITY_CLASH,INTEGRITY_CLASH,0.30436,1.0,CONSISTENT_SYNTHETIC,False,True
0025_a_triangle_with_a_smiling_face_cat-Illustrations_chal-Imagination.png,0.2,True,True,True,1.0,0.96112,0.9847,INTEGRITY_CLASH,INTEGRITY_CLASH,0.54778,0.96112,CONSISTENT_SYNTHETIC,False,True
0026_a_ceiling_fan_cat-Indoor Scenes_chal-Basic.png,0.1,True,True,True,0.4375,0.15068,0.8673,SILENT_ESCAPE,SILENT_OTHER,0.00814,0.15068,BENIGN_NO_FLAG,False,True
0026_a_ceiling_fan_cat-Indoor Scenes_chal-Basic.png,0.2,True,True,True,0.375,0.0,0.0,SILENT_ESCAPE,TAMPERED_REGION,0.0,0.0,TAMPERED_REGION,True,True
0027_A_cozy_living_room_with_a_painting_of_a_corgi_on_t_cat-Indoor Scenes_chal-Complex.png,0.1,True,True,True,1.0,0.95911,0.9906,INTEGRITY_CLASH,INTEGRITY_CLASH,0.41642,0.95911,CONSISTENT_SYNTHETIC,False,True
0027_A_cozy_living_room_with_a_painting_of_a_corgi_on_t_cat-Indoor Scenes_chal-Complex.png,0.2,True,True,True,1.0,0.56559,0.9867,INTEGRITY_CLASH,INTEGRITY_CLASH,0.45983,0.56559,CONSISTENT_SYNTHETIC,False,True
0028_a_ceiling_fan_with_an_ornate_light_fixture_cat-Indoor Scenes_chal-Fine-grained Detail.png,0.1,True,True,True,0.5938,0.96186,0.05,SILENT_ESCAPE,WATERMARK_SUPPRESSED,0.08395,0.96186,WATERMARK_SUPPRESSED,True,True
0028_a_ceiling_fan_with_an_ornate_light_fixture_cat-Indoor Scenes_chal-Fine-grained Detail.png,0.2,True,True,True,0.5625,0.36441,0.0326,SILENT_ESCAPE,WATERMARK_SUPPRESSED,0.05956,0.36441,WATERMARK_SUPPRESSED,True,True
0029_a_small_kitchen_with_a_white_goat_in_it_cat-Indoor Scenes_chal-Imagination.png,0.1,True,True,True,0.4688,0.12069,0.0052,SILENT_ESCAPE,WATERMARK_SUPPRESSED,0.00777,0.12069,WATERMARK_SUPPRESSED,True,True
0029_a_small_kitchen_with_a_white_goat_in_it_cat-Indoor Scenes_chal-Imagination.png,0.2,True,True,True,0.4688,0.0,0.0,SILENT_ESCAPE,TAMPERED_REGION,0.0,0.0,TAMPERED_REGION,True,True
0030_a_road_cat-Outdoor Scenes_chal-Basic.png,0.1,True,True,True,1.0,0.6359,0.9966,INTEGRITY_CLASH,INTEGRITY_CLASH,0.23188,0.6359,CONSISTENT_SYNTHETIC,False,True
0030_a_road_cat-Outdoor Scenes_chal-Basic.png,0.2,True,True,True,1.0,0.33976,0.9914,INTEGRITY_CLASH,INTEGRITY_CLASH,0.23199,0.33976,CONSISTENT_SYNTHETIC,False,True
0031_a_white_bird_in_front_of_a_dinosaur_standing_by_so_cat-Outdoor Scenes_chal-Complex.png,0.1,True,True,True,1.0,0.73467,0.9236,INTEGRITY_CLASH,INTEGRITY_CLASH,0.20377,0.73467,CONSISTENT_SYNTHETIC,False,True
0031_a_white_bird_in_front_of_a_dinosaur_standing_by_so_cat-Outdoor Scenes_chal-Complex.png,0.2,True,True,True,1.0,0.38133,0.9637,INTEGRITY_CLASH,INTEGRITY_CLASH,0.19806,0.38133,CONSISTENT_SYNTHETIC,False,True
0032_beautiful_fireworks_in_the_sky_with_red_white_and__cat-Outdoor Scenes_chal-Fine-grained Detail.png,0.1,True,True,True,0.375,0.28877,0.8019,SILENT_ESCAPE,SILENT_OTHER,0.01997,0.28877,BENIGN_NO_FLAG,False,True
0032_beautiful_fireworks_in_the_sky_with_red_white_and__cat-Outdoor Scenes_chal-Fine-grained Detail.png,0.2,True,True,True,0.4062,0.0,0.0,SILENT_ESCAPE,TAMPERED_REGION,0.0,0.0,TAMPERED_REGION,True,True
0033_a_futuristic_city_cat-Outdoor Scenes_chal-Imagination.png,0.1,True,True,True,0.9688,0.30115,0.9303,INTEGRITY_CLASH,INTEGRITY_CLASH,0.04845,0.30115,CONSISTENT_SYNTHETIC,False,True
0033_a_futuristic_city_cat-Outdoor Scenes_chal-Imagination.png,0.2,True,True,True,0.375,0.0023,0.5032,SILENT_ESCAPE,TAMPERED_REGION,0.00069,0.0023,TAMPERED_REGION,True,True
0034_a_child_cat-People_chal-Basic.png,0.1,True,True,True,1.0,0.41172,0.956,INTEGRITY_CLASH,INTEGRITY_CLASH,0.2182,0.41172,CONSISTENT_SYNTHETIC,False,True
0034_a_child_cat-People_chal-Basic.png,0.2,True,True,True,0.8438,0.03629,0.9737,INTEGRITY_CLASH,INTEGRITY_CLASH,0.03601,0.03629,CONSISTENT_SYNTHETIC,False,True
0035_a_mixed_media_image_with_a_photograph_of_a_woman_w_cat-People_chal-Complex.png,0.1,True,True,True,1.0,0.7037,0.9665,INTEGRITY_CLASH,INTEGRITY_CLASH,0.19675,0.7037,CONSISTENT_SYNTHETIC,False,True
0035_a_mixed_media_image_with_a_photograph_of_a_woman_w_cat-People_chal-Complex.png,0.2,True,True,True,1.0,0.34788,0.9348,INTEGRITY_CLASH,INTEGRITY_CLASH,0.18213,0.34788,CONSISTENT_SYNTHETIC,False,True
0036_a_politician_giving_a_speech_at_a_podium_cat-People_chal-Fine-grained Detail.png,0.1,True,True,True,0.4375,0.0,0.0,SILENT_ESCAPE,TAMPERED_REGION,0.0,0.0,TAMPERED_REGION,True,True
0036_a_politician_giving_a_speech_at_a_podium_cat-People_chal-Fine-grained Detail.png,0.2,True,True,True,0.4375,0.0,0.0,SILENT_ESCAPE,TAMPERED_REGION,0.0,0.0,TAMPERED_REGION,True,True
0037_a_photograph_of_a_knight_in_shining_armor_holding__cat-People_chal-Imagination.png,0.1,True,True,True,1.0,0.60919,0.9301,INTEGRITY_CLASH,INTEGRITY_CLASH,0.31879,0.60919,CONSISTENT_SYNTHETIC,False,True
0037_a_photograph_of_a_knight_in_shining_armor_holding__cat-People_chal-Imagination.png,0.2,True,True,True,1.0,0.28834,0.9404,INTEGRITY_CLASH,INTEGRITY_CLASH,0.28255,0.28834,CONSISTENT_SYNTHETIC,False,True
0038_an_avocado_cat-Produce & Plants_chal-Basic.png,0.1,True,True,True,1.0,1.0,0.6127,INTEGRITY_CLASH,INTEGRITY_CLASH,0.16457,1.0,CONSISTENT_SYNTHETIC,False,True
0038_an_avocado_cat-Produce & Plants_chal-Basic.png,0.2,True,True,True,1.0,0.82921,0.6379,INTEGRITY_CLASH,INTEGRITY_CLASH,0.25554,0.82921,CONSISTENT_SYNTHETIC,False,True
0039_a_tree_reflected_in_the_hood_of_a_blue_car_cat-Produce & Plants_chal-Complex.png,0.1,True,True,True,0.5,0.08589,0.0011,SILENT_ESCAPE,WATERMARK_SUPPRESSED,0.00518,0.08589,WATERMARK_SUPPRESSED,True,True
0039_a_tree_reflected_in_the_hood_of_a_blue_car_cat-Produce & Plants_chal-Complex.png,0.2,True,True,True,0.5,0.0,0.0,SILENT_ESCAPE,TAMPERED_REGION,0.0,0.0,TAMPERED_REGION,True,True
0040_a_bundle_of_blue_and_yellow_flowers_in_a_vase_cat-Produce & Plants_chal-Fine-grained Detail.png,0.1,True,True,True,1.0,1.0,0.9902,INTEGRITY_CLASH,INTEGRITY_CLASH,0.08506,1.0,CONSISTENT_SYNTHETIC,False,True
0040_a_bundle_of_blue_and_yellow_flowers_in_a_vase_cat-Produce & Plants_chal-Fine-grained Detail.png,0.2,True,True,True,1.0,1.0,0.983,INTEGRITY_CLASH,INTEGRITY_CLASH,0.15928,1.0,CONSISTENT_SYNTHETIC,False,True
0041_a_tree_with_leaves_that_look_like_purple_balloons_cat-Produce & Plants_chal-Imagination.png,0.1,True,True,True,1.0,0.74172,0.9819,INTEGRITY_CLASH,INTEGRITY_CLASH,0.2071,0.74172,CONSISTENT_SYNTHETIC,False,True
0041_a_tree_with_leaves_that_look_like_purple_balloons_cat-Produce & Plants_chal-Imagination.png,0.2,True,True,True,1.0,0.36689,0.9915,INTEGRITY_CLASH,INTEGRITY_CLASH,0.19183,0.36689,CONSISTENT_SYNTHETIC,False,True
0042_a_pickup_truck_cat-Vehicles_chal-Basic.png,0.1,True,True,True,1.0,0.39922,0.9266,INTEGRITY_CLASH,INTEGRITY_CLASH,0.03809,0.39922,CONSISTENT_SYNTHETIC,False,True
0042_a_pickup_truck_cat-Vehicles_chal-Basic.png,0.2,True,True,True,0.5938,0.01163,0.9715,SILENT_ESCAPE,TAMPERED_REGION,0.00208,0.01163,TAMPERED_REGION,True,True
0043_A_photograph_of_the_inside_of_a_subway_train_There_cat-Vehicles_chal-Complex.png,0.1,True,True,True,1.0,0.62912,0.8152,INTEGRITY_CLASH,INTEGRITY_CLASH,0.20451,0.62912,CONSISTENT_SYNTHETIC,False,True
0043_A_photograph_of_the_inside_of_a_subway_train_There_cat-Vehicles_chal-Complex.png,0.2,True,True,True,1.0,0.22412,0.7546,INTEGRITY_CLASH,INTEGRITY_CLASH,0.13643,0.22412,CONSISTENT_SYNTHETIC,False,True
0044_a_sunken_submarine_at_the_bottom_of_the_ocean_cat-Vehicles_chal-Fine-grained Detail.png,0.1,True,True,True,1.0,0.55734,0.977,INTEGRITY_CLASH,INTEGRITY_CLASH,0.35947,0.55734,CONSISTENT_SYNTHETIC,False,True
0044_a_sunken_submarine_at_the_bottom_of_the_ocean_cat-Vehicles_chal-Fine-grained Detail.png,0.2,True,True,True,0.9375,0.13188,0.9891,INTEGRITY_CLASH,INTEGRITY_CLASH,0.15928,0.13188,CONSISTENT_SYNTHETIC,False,True
0045_a_pirate_ship_landing_on_the_moon_cat-Vehicles_chal-Imagination.png,0.1,True,True,True,1.0,0.6511,0.9385,INTEGRITY_CLASH,INTEGRITY_CLASH,0.57766,0.6511,CONSISTENT_SYNTHETIC,False,True
0045_a_pirate_ship_landing_on_the_moon_cat-Vehicles_chal-Imagination.png,0.2,True,True,True,1.0,0.35306,0.9835,INTEGRITY_CLASH,INTEGRITY_CLASH,0.58657,0.35306,CONSISTENT_SYNTHETIC,False,True
0046_the_Millennium_Wheel_cat-World Knowledge_chal-Basic.png,0.1,True,True,True,0.5,0.52,0.8333,SILENT_ESCAPE,SILENT_OTHER,0.00481,0.52,BENIGN_NO_FLAG,False,True
0046_the_Millennium_Wheel_cat-World Knowledge_chal-Basic.png,0.2,True,True,True,0.5,0.08,0.5243,SILENT_ESCAPE,SILENT_OTHER,0.00139,0.08,BENIGN_NO_FLAG,False,True
0047_a_portrait_of_a_statue_of_the_Egyptian_god_Anubis__cat-World Knowledge_chal-Complex.png,0.1,True,True,True,1.0,0.46517,0.9665,INTEGRITY_CLASH,INTEGRITY_CLASH,0.23706,0.46517,CONSISTENT_SYNTHETIC,False,True
0047_a_portrait_of_a_statue_of_the_Egyptian_god_Anubis__cat-World Knowledge_chal-Complex.png,0.2,True,True,True,1.0,0.17852,0.9885,INTEGRITY_CLASH,INTEGRITY_CLASH,0.17036,0.17852,CONSISTENT_SYNTHETIC,False,True
0048_a_prop_plane_flying_low_over_the_Great_Wall_cat-World Knowledge_chal-Fine-grained Detail.png,0.1,True,True,True,1.0,0.73861,0.9887,INTEGRITY_CLASH,INTEGRITY_CLASH,0.49741,0.73861,CONSISTENT_SYNTHETIC,False,True
0048_a_prop_plane_flying_low_over_the_Great_Wall_cat-World Knowledge_chal-Fine-grained Detail.png,0.2,True,True,True,1.0,0.51345,0.9861,INTEGRITY_CLASH,INTEGRITY_CLASH,0.64751,0.51345,CONSISTENT_SYNTHETIC,False,True
0049_an_elephant_walking_on_the_Great_Wall_cat-World Knowledge_chal-Imagination.png,0.1,True,True,True,1.0,1.0,0.7974,INTEGRITY_CLASH,INTEGRITY_CLASH,0.39571,1.0,CONSISTENT_SYNTHETIC,False,True
0049_an_elephant_walking_on_the_Great_Wall_cat-World Knowledge_chal-Imagination.png,0.2,True,True,True,1.0,0.85888,0.7334,INTEGRITY_CLASH,INTEGRITY_CLASH,0.63643,0.85888,CONSISTENT_SYNTHETIC,False,True
0050_Portrait_of_a_gecko_wearing_a_train_conductors_hat_cat-Animals_chal-Style & Format.png,0.1,True,True,True,1.0,0.41404,0.8465,INTEGRITY_CLASH,INTEGRITY_CLASH,0.23336,0.41404,CONSISTENT_SYNTHETIC,False,True
0050_Portrait_of_a_gecko_wearing_a_train_conductors_hat_cat-Animals_chal-Style & Format.png,0.2,True,True,True,0.8125,0.07283,0.8941,INTEGRITY_CLASH,INTEGRITY_CLASH,0.07687,0.07283,CONSISTENT_SYNTHETIC,False,True
0051_Portrait_of_a_tiger_wearing_a_train_conductors_hat_cat-Animals_chal-Writing & Symbols.png,0.1,True,True,True,0.9688,0.56365,0.9354,INTEGRITY_CLASH,INTEGRITY_CLASH,0.47485,0.56365,CONSISTENT_SYNTHETIC,False,True
0051_Portrait_of_a_tiger_wearing_a_train_conductors_hat_cat-Animals_chal-Writing & Symbols.png,0.2,True,True,True,0.9375,0.16945,0.9479,INTEGRITY_CLASH,INTEGRITY_CLASH,0.26731,0.16945,CONSISTENT_SYNTHETIC,False,True
0052_a_Tyrannosaurus_Rex_cat-Animals_chal-Basic.png,0.1,True,True,True,1.0,1.0,0.9659,INTEGRITY_CLASH,INTEGRITY_CLASH,0.06583,1.0,CONSISTENT_SYNTHETIC,False,True
0052_a_Tyrannosaurus_Rex_cat-Animals_chal-Basic.png,0.2,True,True,True,1.0,0.5618,0.9526,INTEGRITY_CLASH,INTEGRITY_CLASH,0.06925,0.5618,CONSISTENT_SYNTHETIC,False,True
0053_a_real_flamingo_reading_a_large_open_book_a_big_st_cat-Animals_chal-Complex.png,0.1,True,True,True,0.9375,0.82609,0.9706,INTEGRITY_CLASH,INTEGRITY_CLASH,0.06324,0.82609,CONSISTENT_SYNTHETIC,False,True
0053_a_real_flamingo_reading_a_large_open_book_a_big_st_cat-Animals_chal-Complex.png,0.2,True,True,True,0.9062,0.62319,0.9243,INTEGRITY_CLASH,INTEGRITY_CLASH,0.08934,0.62319,CONSISTENT_SYNTHETIC,False,True
0054_A_smiling_sloth_wearing_a_leather_jacket_a_cowboy__cat-Animals_chal-Fine-grained Detail.png,0.1,True,True,True,1.0,0.3867,0.9685,INTEGRITY_CLASH,INTEGRITY_CLASH,0.2108,0.3867,CONSISTENT_SYNTHETIC,False,True
0054_A_smiling_sloth_wearing_a_leather_jacket_a_cowboy__cat-Animals_chal-Fine-grained Detail.png,0.2,True,True,True,0.8438,0.04817,0.95,INTEGRITY_CLASH,INTEGRITY_CLASH,0.04917,0.04817,CONSISTENT_SYNTHETIC,False,True
0055_a_rabbit_wearing_a_black_tophat_and_monocle_cat-Animals_chal-Imagination.png,0.1,True,True,True,1.0,0.55176,0.9787,INTEGRITY_CLASH,INTEGRITY_CLASH,0.42382,0.55176,CONSISTENT_SYNTHETIC,False,True
0055_a_rabbit_wearing_a_black_tophat_and_monocle_cat-Animals_chal-Imagination.png,0.2,True,True,True,1.0,0.20703,0.9944,INTEGRITY_CLASH,INTEGRITY_CLASH,0.29778,0.20703,CONSISTENT_SYNTHETIC,False,True
0056_a_horse_without_a_rider_cat-Animals_chal-Linguistic Structures.png,0.1,True,True,True,1.0,0.50403,0.9602,INTEGRITY_CLASH,INTEGRITY_CLASH,0.23114,0.50403,CONSISTENT_SYNTHETIC,False,True
0056_a_horse_without_a_rider_cat-Animals_chal-Linguistic Structures.png,0.2,True,True,True,1.0,0.16613,0.9942,INTEGRITY_CLASH,INTEGRITY_CLASH,0.14266,0.16613,CONSISTENT_SYNTHETIC,False,True
0057_a_top_down_view_of_a_horse_running_in_a_field_cat-Animals_chal-Perspective.png,0.1,True,True,True,0.9688,1.0,0.571,INTEGRITY_CLASH,INTEGRITY_CLASH,0.05991,1.0,CONSISTENT_SYNTHETIC,False,True
0057_a_top_down_view_of_a_horse_running_in_a_field_cat-Animals_chal-Perspective.png,0.2,True,True,True,1.0,1.0,0.5168,INTEGRITY_CLASH,INTEGRITY_CLASH,0.11219,1.0,CONSISTENT_SYNTHETIC,False,True
0058_7_dogs_sitting_around_a_poker_table_two_of_which_a_cat-Animals_chal-Quantity.png,0.1,True,True,True,0.6875,0.33226,0.8588,SILENT_ESCAPE,SILENT_OTHER,0.03809,0.33226,BENIGN_NO_FLAG,False,True
0058_7_dogs_sitting_around_a_poker_table_two_of_which_a_cat-Animals_chal-Quantity.png,0.2,True,True,True,0.75,0.13871,0.8831,INTEGRITY_CLASH,INTEGRITY_CLASH,0.02978,0.13871,CONSISTENT_SYNTHETIC,False,True
0059_a_cat_jumping_in_the_air_to_get_onto_a_table_cat-Animals_chal-Simple Detail.png,0.1,True,True,True,1.0,0.98971,0.9149,INTEGRITY_CLASH,INTEGRITY_CLASH,0.17788,0.98971,CONSISTENT_SYNTHETIC,False,True
0059_a_cat_jumping_in_the_air_to_get_onto_a_table_cat-Animals_chal-Simple Detail.png,0.2,True,True,True,1.0,0.87037,0.9431,INTEGRITY_CLASH,INTEGRITY_CLASH,0.29294,0.87037,CONSISTENT_SYNTHETIC,False,True
0060_A_soft_beam_of_light_shines_down_on_an_armored_gra_cat-Animals_chal-Style & Format.png,0.1,True,True,True,0.5312,0.0,0.0,SILENT_ESCAPE,TAMPERED_REGION,0.0,0.0,TAMPERED_REGION,True,True
0060_A_soft_beam_of_light_shines_down_on_an_armored_gra_cat-Animals_chal-Style & Format.png,0.2,True,True,True,0.5312,0.0,0.0,SILENT_ESCAPE,TAMPERED_REGION,0.0,0.0,TAMPERED_REGION,True,True
0061_a_cat_sitting_on_a_box_with_a_drawing_of_an_elepha_cat-Animals_chal-Writing & Symbols.png,0.1,True,True,True,1.0,1.0,0.9741,INTEGRITY_CLASH,INTEGRITY_CLASH,0.14941,1.0,CONSISTENT_SYNTHETIC,False,True
0061_a_cat_sitting_on_a_box_with_a_drawing_of_an_elepha_cat-Animals_chal-Writing & Symbols.png,0.2,True,True,True,1.0,1.0,0.9546,INTEGRITY_CLASH,INTEGRITY_CLASH,0.27978,1.0,CONSISTENT_SYNTHETIC,False,True
0062_a_rabbit_cat-Animals_chal-Basic.png,0.1,True,True,True,1.0,0.99677,0.9901,INTEGRITY_CLASH,INTEGRITY_CLASH,0.34246,0.99677,CONSISTENT_SYNTHETIC,False,True
0062_a_rabbit_cat-Animals_chal-Basic.png,0.2,True,True,True,1.0,0.89774,0.981,INTEGRITY_CLASH,INTEGRITY_CLASH,0.57756,0.89774,CONSISTENT_SYNTHETIC,False,True
0063_a_photograph_of_an_ostrich_wearing_a_fedora_and_si_cat-Animals_chal-Complex.png,0.1,True,True,True,1.0,0.89774,0.7205,INTEGRITY_CLASH,INTEGRITY_CLASH,0.39608,0.89774,CONSISTENT_SYNTHETIC,False,True
0063_a_photograph_of_an_ostrich_wearing_a_fedora_and_si_cat-Animals_chal-Complex.png,0.2,True,True,True,1.0,0.68148,0.6752,INTEGRITY_CLASH,INTEGRITY_CLASH,0.56302,0.68148,CONSISTENT_SYNTHETIC,False,True
0064_a_Tyrannosaurus_Rex_roaring_in_front_of_a_palm_tre_cat-Animals_chal-Fine-grained Detail.png,0.1,True,True,True,1.0,0.81923,0.9701,INTEGRITY_CLASH,INTEGRITY_CLASH,0.50111,0.81923,CONSISTENT_SYNTHETIC,False,True
0064_a_Tyrannosaurus_Rex_roaring_in_front_of_a_palm_tre_cat-Animals_chal-Fine-grained Detail.png,0.2,True,True,True,1.0,0.58343,0.9867,INTEGRITY_CLASH,INTEGRITY_CLASH,0.66828,0.58343,CONSISTENT_SYNTHETIC,False,True
0065_a_panda_bear_with_aviator_glasses_on_its_head_cat-Animals_chal-Imagination.png,0.1,True,True,True,1.0,0.36566,0.9645,INTEGRITY_CLASH,INTEGRITY_CLASH,0.17012,0.36566,CONSISTENT_SYNTHETIC,False,True
0065_a_panda_bear_with_aviator_glasses_on_its_head_cat-Animals_chal-Imagination.png,0.2,True,True,True,0.5312,0.0151,0.9243,SILENT_ESCAPE,TAMPERED_REGION,0.01316,0.0151,TAMPERED_REGION,True,True
0066_Four_deer_surrounding_a_moose_cat-Animals_chal-Linguistic Structures.png,0.1,True,True,True,1.0,0.56618,0.9629,INTEGRITY_CLASH,INTEGRITY_CLASH,0.31324,0.56618,CONSISTENT_SYNTHETIC,False,True
0066_Four_deer_surrounding_a_moose_cat-Animals_chal-Linguistic Structures.png,0.2,True,True,True,1.0,0.23128,0.9693,INTEGRITY_CLASH,INTEGRITY_CLASH,0.23961,0.23128,CONSISTENT_SYNTHETIC,False,True
0067_an_ostrichs_face_cat-Animals_chal-Perspective.png,0.1,True,True,True,1.0,0.42436,0.9683,INTEGRITY_CLASH,INTEGRITY_CLASH,0.31953,0.42436,CONSISTENT_SYNTHETIC,False,True
0067_an_ostrichs_face_cat-Animals_chal-Perspective.png,0.2,True,True,True,0.9688,0.06483,0.9791,INTEGRITY_CLASH,INTEGRITY_CLASH,0.09141,0.06483,CONSISTENT_SYNTHETIC,False,True
0068_7_dogs_sitting_around_a_poker_table_cat-Animals_chal-Quantity.png,0.1,True,True,True,0.9688,0.47949,0.9079,INTEGRITY_CLASH,INTEGRITY_CLASH,0.13831,0.47949,CONSISTENT_SYNTHETIC,False,True
0068_7_dogs_sitting_around_a_poker_table_cat-Animals_chal-Quantity.png,0.2,True,True,True,0.9375,0.17564,0.9521,INTEGRITY_CLASH,INTEGRITY_CLASH,0.09488,0.17564,CONSISTENT_SYNTHETIC,False,True
0069_a_cat_jumps_over_a_baby_gate_cat-Animals_chal-Simple Detail.png,0.1,True,True,True,0.75,0.33968,0.9214,INTEGRITY_CLASH,INTEGRITY_CLASH,0.07914,0.33968,CONSISTENT_SYNTHETIC,False,True
0069_a_cat_jumps_over_a_baby_gate_cat-Animals_chal-Simple Detail.png,0.2,True,True,True,0.5312,0.0,0.0,SILENT_ESCAPE,TAMPERED_REGION,0.0,0.0,TAMPERED_REGION,True,True
0070_a_cartoon_of_a_bear_birthday_party_cat-Animals_chal-Style & Format.png,0.1,True,True,True,0.75,0.38835,0.8472,INTEGRITY_CLASH,INTEGRITY_CLASH,0.01479,0.38835,CONSISTENT_SYNTHETIC,False,True
0070_a_cartoon_of_a_bear_birthday_party_cat-Animals_chal-Style & Format.png,0.2,True,True,True,0.5938,0.0,0.0,SILENT_ESCAPE,TAMPERED_REGION,0.0,0.0,TAMPERED_REGION,True,True
0071_Portrait_of_a_tiger_wearing_a_train_conductors_hat_cat-Animals_chal-Writing & Symbols.png,0.1,True,True,True,1.0,0.94949,0.9792,INTEGRITY_CLASH,INTEGRITY_CLASH,0.20858,0.94949,CONSISTENT_SYNTHETIC,False,True
0071_Portrait_of_a_tiger_wearing_a_train_conductors_hat_cat-Animals_chal-Writing & Symbols.png,0.2,True,True,True,1.0,0.47475,0.9878,INTEGRITY_CLASH,INTEGRITY_CLASH,0.19529,0.47475,CONSISTENT_SYNTHETIC,False,True
0072_a_chimpanzee_cat-Animals_chal-Basic.png,0.1,True,True,True,0.5312,0.15904,0.6781,SILENT_ESCAPE,SILENT_OTHER,0.027,0.15904,BENIGN_NO_FLAG,False,True
0072_a_chimpanzee_cat-Animals_chal-Basic.png,0.2,True,True,True,0.5,0.0,0.0,SILENT_ESCAPE,TAMPERED_REGION,0.0,0.0,TAMPERED_REGION,True,True
0073_A_high-contrast_photo_of_a_panda_riding_a_horse_Th_cat-Animals_chal-Complex.png,0.1,True,True,True,0.9375,0.64557,0.9161,INTEGRITY_CLASH,INTEGRITY_CLASH,0.07544,0.64557,CONSISTENT_SYNTHETIC,False,True
0073_A_high-contrast_photo_of_a_panda_riding_a_horse_Th_cat-Animals_chal-Complex.png,0.2,True,True,True,0.5312,0.0,0.0,SILENT_ESCAPE,TAMPERED_REGION,0.0,0.0,TAMPERED_REGION,True,True
0074_a_light_shining_on_a_giraffe_in_a_street_cat-Animals_chal-Fine-grained Detail.png,0.1,True,True,True,0.9688,0.60726,0.957,INTEGRITY_CLASH,INTEGRITY_CLASH,0.13609,0.60726,CONSISTENT_SYNTHETIC,False,True
0074_a_light_shining_on_a_giraffe_in_a_street_cat-Animals_chal-Fine-grained Detail.png,0.2,True,True,True,1.0,0.27228,0.9776,INTEGRITY_CLASH,INTEGRITY_CLASH,0.11427,0.27228,CONSISTENT_SYNTHETIC,False,True
0075_a_turkey_walking_in_the_kitchen_cat-Animals_chal-Imagination.png,0.1,True,True,True,1.0,0.60112,0.9239,INTEGRITY_CLASH,INTEGRITY_CLASH,0.19786,0.60112,CONSISTENT_SYNTHETIC,False,True
0075_a_turkey_walking_in_the_kitchen_cat-Animals_chal-Imagination.png,0.2,True,True,True,1.0,0.21461,0.9469,INTEGRITY_CLASH,INTEGRITY_CLASH,0.13227,0.21461,CONSISTENT_SYNTHETIC,False,True
0076_The_rat_the_cat_the_dog_bit_chased_escaped_cat-Animals_chal-Linguistic Structures.png,0.1,True,True,True,1.0,0.53965,0.9463,INTEGRITY_CLASH,INTEGRITY_CLASH,0.29697,0.53965,CONSISTENT_SYNTHETIC,False,True
0076_The_rat_the_cat_the_dog_bit_chased_escaped_cat-Animals_chal-Linguistic Structures.png,0.2,True,True,True,1.0,0.23454,0.9786,INTEGRITY_CLASH,INTEGRITY_CLASH,0.24169,0.23454,CONSISTENT_SYNTHETIC,False,True
0077_a_corgis_head_cat-Animals_chal-Perspective.png,0.1,True,True,True,0.9688,0.66977,0.9414,INTEGRITY_CLASH,INTEGRITY_CLASH,0.05325,0.66977,CONSISTENT_SYNTHETIC,False,True
0077_a_corgis_head_cat-Animals_chal-Perspective.png,0.2,True,True,True,0.875,0.16744,0.978,INTEGRITY_CLASH,INTEGRITY_CLASH,0.02493,0.16744,CONSISTENT_SYNTHETIC,False,True
0078_Four_dragons_surrounding_a_dinosaur_cat-Animals_chal-Quantity.png,0.1,True,True,True,0.9062,0.23348,0.891,INTEGRITY_CLASH,INTEGRITY_CLASH,0.0392,0.23348,CONSISTENT_SYNTHETIC,False,True
0078_Four_dragons_surrounding_a_dinosaur_cat-Animals_chal-Quantity.png,0.2,True,True,True,0.6562,0.02643,0.9208,SILENT_ESCAPE,TAMPERED_REGION,0.00831,0.02643,TAMPERED_REGION,True,True
0079_a_horse_reading_a_book_cat-Animals_chal-Simple Detail.png,0.1,True,True,True,0.7188,0.22535,0.5806,SILENT_ESCAPE,SILENT_OTHER,0.04734,0.22535,BENIGN_NO_FLAG,False,True
0079_a_horse_reading_a_book_cat-Animals_chal-Simple Detail.png,0.2,True,True,True,0.5938,0.0,0.0,SILENT_ESCAPE,TAMPERED_REGION,0.0,0.0,TAMPERED_REGION,True,True
0080_a_capybara_made_of_voxels_sitting_in_a_field_cat-Animals_chal-Style & Format.png,0.1,True,True,True,1.0,1.0,0.7904,INTEGRITY_CLASH,INTEGRITY_CLASH,0.28809,1.0,CONSISTENT_SYNTHETIC,False,True
0080_a_capybara_made_of_voxels_sitting_in_a_field_cat-Animals_chal-Style & Format.png,0.2,True,True,True,1.0,0.97689,0.7894,INTEGRITY_CLASH,INTEGRITY_CLASH,0.52701,0.97689,CONSISTENT_SYNTHETIC,False,True
0081_Portrait_of_a_tiger_wearing_a_train_conductors_hat_cat-Animals_chal-Writing & Symbols.png,0.1,True,True,True,1.0,0.75578,0.8354,INTEGRITY_CLASH,INTEGRITY_CLASH,0.08469,0.75578,CONSISTENT_SYNTHETIC,False,True
0081_Portrait_of_a_tiger_wearing_a_train_conductors_hat_cat-Animals_chal-Writing & Symbols.png,0.2,True,True,True,0.5938,0.05611,0.3976,SILENT_ESCAPE,WATERMARK_SUPPRESSED,0.01177,0.05611,WATERMARK_SUPPRESSED,True,True
0082_a_koi_fish_cat-Animals_chal-Basic.png,0.1,True,True,True,0.8125,0.59036,0.9391,INTEGRITY_CLASH,INTEGRITY_CLASH,0.03624,0.59036,CONSISTENT_SYNTHETIC,False,True
0082_a_koi_fish_cat-Animals_chal-Basic.png,0.2,True,True,True,0.4688,0.0,0.0,SILENT_ESCAPE,TAMPERED_REGION,0.0,0.0,TAMPERED_REGION,True,True
0083_a_racoon_detective_using_a_microscope_while_riding_cat-Animals_chal-Complex.png,0.1,True,True,True,0.4688,0.0,0.0,SILENT_ESCAPE,TAMPERED_REGION,0.0,0.0,TAMPERED_REGION,True,True
0083_a_racoon_detective_using_a_microscope_while_riding_cat-Animals_chal-Complex.png,0.2,True,True,True,0.375,0.0,0.0,SILENT_ESCAPE,TAMPERED_REGION,0.0,0.0,TAMPERED_REGION,True,True
0084_a_harp_cat-Artifacts_chal-Basic.png,0.1,True,True,True,0.9688,0.83265,0.9338,INTEGRITY_CLASH,INTEGRITY_CLASH,0.07544,0.83265,CONSISTENT_SYNTHETIC,False,True
0084_a_harp_cat-Artifacts_chal-Basic.png,0.2,True,True,True,1.0,0.58367,0.9582,INTEGRITY_CLASH,INTEGRITY_CLASH,0.09903,0.58367,CONSISTENT_SYNTHETIC,False,True
0085_a_paranoid_android_freaking_out_and_jumping_into_t_cat-Artifacts_chal-Complex.png,0.1,True,True,True,0.9688,0.51438,0.878,INTEGRITY_CLASH,INTEGRITY_CLASH,0.11908,0.51438,CONSISTENT_SYNTHETIC,False,True
0085_a_paranoid_android_freaking_out_and_jumping_into_t_cat-Artifacts_chal-Complex.png,0.2,True,True,True,0.5,0.03195,0.3807,SILENT_ESCAPE,TAMPERED_REGION,0.01385,0.03195,TAMPERED_REGION,True,True
0086_cash_on_a_wooden_table_cat-Artifacts_chal-Fine-grained Detail.png,0.1,True,True,True,1.0,0.72342,0.834,INTEGRITY_CLASH,INTEGRITY_CLASH,0.6568,0.72342,CONSISTENT_SYNTHETIC,False,True
0086_cash_on_a_wooden_table_cat-Artifacts_chal-Fine-grained Detail.png,0.2,True,True,True,1.0,0.44277,0.9477,INTEGRITY_CLASH,INTEGRITY_CLASH,0.75277,0.44277,CONSISTENT_SYNTHETIC,False,True
0087_a_watermelon_chair_cat-Artifacts_chal-Imagination.png,0.1,True,True,True,1.0,0.61124,0.9857,INTEGRITY_CLASH,INTEGRITY_CLASH,0.47448,0.61124,CONSISTENT_SYNTHETIC,False,True
0087_a_watermelon_chair_cat-Artifacts_chal-Imagination.png,0.2,True,True,True,1.0,0.2768,0.9879,INTEGRITY_CLASH,INTEGRITY_CLASH,0.40235,0.2768,CONSISTENT_SYNTHETIC,False,True
0088_The_sculpture_rolled_off_the_shelf_because_it_wasn_cat-Artifacts_chal-Linguistic Structures.png,0.1,True,True,True,1.0,1.0,0.9937,INTEGRITY_CLASH,INTEGRITY_CLASH,0.45414,1.0,CONSISTENT_SYNTHETIC,False,True
0088_The_sculpture_rolled_off_the_shelf_because_it_wasn_cat-Artifacts_chal-Linguistic Structures.png,0.2,True,True,True,1.0,0.88518,0.98,INTEGRITY_CLASH,INTEGRITY_CLASH,0.75277,0.88518,CONSISTENT_SYNTHETIC,False,True
0089_view_from_below_of_a_tall_white_ladder_with_just_o_cat-Artifacts_chal-Perspective.png,0.1,True,True,True,1.0,0.27409,0.9299,INTEGRITY_CLASH,INTEGRITY_CLASH,0.06102,0.27409,CONSISTENT_SYNTHETIC,False,True
0089_view_from_below_of_a_tall_white_ladder_with_just_o_cat-Artifacts_chal-Perspective.png,0.2,True,True,True,0.375,0.0,0.0,SILENT_ESCAPE,TAMPERED_REGION,0.0,0.0,TAMPERED_REGION,True,True
0090_a_circular_brown_trash_bin_in_front_of_a_brick_wal_cat-Artifacts_chal-Properties & Positioning.png,0.1,True,True,True,1.0,0.46819,0.9559,INTEGRITY_CLASH,INTEGRITY_CLASH,0.18232,0.46819,CONSISTENT_SYNTHETIC,False,True
0090_a_circular_brown_trash_bin_in_front_of_a_brick_wal_cat-Artifacts_chal-Properties & Positioning.png,0.2,True,True,True,0.8125,0.06648,0.9725,INTEGRITY_CLASH,INTEGRITY_CLASH,0.04848,0.06648,CONSISTENT_SYNTHETIC,False,True
0091_a_full_bookshelf_with_three_shelves_cat-Artifacts_chal-Quantity.png,0.1,True,True,True,1.0,1.0,0.877,INTEGRITY_CLASH,INTEGRITY_CLASH,0.1054,1.0,CONSISTENT_SYNTHETIC,False,True
0091_a_full_bookshelf_with_three_shelves_cat-Artifacts_chal-Quantity.png,0.2,True,True,True,1.0,1.0,0.917,INTEGRITY_CLASH,INTEGRITY_CLASH,0.19737,1.0,CONSISTENT_SYNTHETIC,False,True
0092_a_milk_container_on_a_table_cat-Artifacts_chal-Simple Detail.png,0.1,True,True,True,1.0,0.60383,0.9809,INTEGRITY_CLASH,INTEGRITY_CLASH,0.46672,0.60383,CONSISTENT_SYNTHETIC,False,True
0092_a_milk_container_on_a_table_cat-Artifacts_chal-Simple Detail.png,0.2,True,True,True,1.0,0.26603,0.9918,INTEGRITY_CLASH,INTEGRITY_CLASH,0.38504,0.26603,CONSISTENT_SYNTHETIC,False,True
0093_Oil_painting_of_a_giant_robot_made_of_sushi_holdin_cat-Artifacts_chal-Style & Format.png,0.1,True,True,True,1.0,0.41871,0.965,INTEGRITY_CLASH,INTEGRITY_CLASH,0.20858,0.41871,CONSISTENT_SYNTHETIC,False,True
0093_Oil_painting_of_a_giant_robot_made_of_sushi_holdin_cat-Artifacts_chal-Style & Format.png,0.2,True,True,True,0.9688,0.10765,0.9574,INTEGRITY_CLASH,INTEGRITY_CLASH,0.10042,0.10765,CONSISTENT_SYNTHETIC,False,True
0094_a_white_towel_with_a_cartoon_of_a_cat_on_it_cat-Artifacts_chal-Writing & Symbols.png,0.1,True,True,True,0.9062,0.39865,0.865,INTEGRITY_CLASH,INTEGRITY_CLASH,0.02182,0.39865,CONSISTENT_SYNTHETIC,False,True
0094_a_white_towel_with_a_cartoon_of_a_cat_on_it_cat-Artifacts_chal-Writing & Symbols.png,0.2,True,True,True,0.5,0.0,0.0,SILENT_ESCAPE,TAMPERED_REGION,0.0,0.0,TAMPERED_REGION,True,True
0095_a_screwdriver_cat-Artifacts_chal-Basic.png,0.1,True,True,True,0.9062,1.0,0.8486,INTEGRITY_CLASH,INTEGRITY_CLASH,0.07433,1.0,CONSISTENT_SYNTHETIC,False,True
0095_a_screwdriver_cat-Artifacts_chal-Basic.png,0.2,True,True,True,0.8438,0.76617,0.7945,INTEGRITY_CLASH,INTEGRITY_CLASH,0.10665,0.76617,CONSISTENT_SYNTHETIC,False,True
0096_a_basketball_to_the_left_of_two_soccer_balls_on_a__cat-Artifacts_chal-Complex.png,0.1,True,True,True,1.0,1.0,0.9046,INTEGRITY_CLASH,INTEGRITY_CLASH,0.15828,1.0,CONSISTENT_SYNTHETIC,False,True
0096_a_basketball_to_the_left_of_two_soccer_balls_on_a__cat-Artifacts_chal-Complex.png,0.2,True,True,True,1.0,0.92523,0.8736,INTEGRITY_CLASH,INTEGRITY_CLASH,0.27424,0.92523,CONSISTENT_SYNTHETIC,False,True
0097_a_black_baseball_hat_with_a_flame_decal_on_it_cat-Artifacts_chal-Fine-grained Detail.png,0.1,True,True,True,1.0,0.44963,0.9193,INTEGRITY_CLASH,INTEGRITY_CLASH,0.40274,0.44963,CONSISTENT_SYNTHETIC,False,True
0097_a_black_baseball_hat_with_a_flame_decal_on_it_cat-Artifacts_chal-Fine-grained Detail.png,0.2,True,True,True,0.9062,0.0995,0.78,INTEGRITY_CLASH,INTEGRITY_CLASH,0.1669,0.0995,CONSISTENT_SYNTHETIC,False,True
0098_a_sword_slicing_through_a_loaf_of_bread_cat-Artifacts_chal-Imagination.png,0.1,True,True,True,1.0,0.59487,0.9782,INTEGRITY_CLASH,INTEGRITY_CLASH,0.32581,0.59487,CONSISTENT_SYNTHETIC,False,True
0098_a_sword_slicing_through_a_loaf_of_bread_cat-Artifacts_chal-Imagination.png,0.2,True,True,True,1.0,0.25793,0.9881,INTEGRITY_CLASH,INTEGRITY_CLASH,0.26454,0.25793,CONSISTENT_SYNTHETIC,False,True
0099_a_harp_without_any_strings_cat-Artifacts_chal-Linguistic Structures.png,0.1,True,True,True,0.8438,0.2781,0.6743,INTEGRITY_CLASH,INTEGRITY_CLASH,0.05399,0.2781,CONSISTENT_SYNTHETIC,False,True
0099_a_harp_without_any_strings_cat-Artifacts_chal-Linguistic Structures.png,0.2,True,True,True,0.5625,0.0,0.0,SILENT_ESCAPE,TAMPERED_REGION,0.0,0.0,TAMPERED_REGION,True,True
0100_long_shards_of_a_broken_mirror_reflecting_the_eyes_cat-Artifacts_chal-Perspective.png,0.1,True,True,True,0.5625,0.0,0.0,SILENT_ESCAPE,TAMPERED_REGION,0.0,0.0,TAMPERED_REGION,True,True
0100_long_shards_of_a_broken_mirror_reflecting_the_eyes_cat-Artifacts_chal-Perspective.png,0.2,True,True,True,0.5625,0.0,0.0,SILENT_ESCAPE,TAMPERED_REGION,0.0,0.0,TAMPERED_REGION,True,True
0101_several_red_lego_blocks_and_one_blue_one_cat-Artifacts_chal-Properties & Positioning.png,0.1,True,True,True,0.6562,0.54717,0.6741,SILENT_ESCAPE,SILENT_OTHER,0.01072,0.54717,BENIGN_NO_FLAG,False,True
0101_several_red_lego_blocks_and_one_blue_one_cat-Artifacts_chal-Properties & Positioning.png,0.2,True,True,True,0.5625,0.03774,0.1708,SILENT_ESCAPE,TAMPERED_REGION,0.00139,0.03774,TAMPERED_REGION,True,True
0102_two_beat-up_baseballs_on_either_side_of_a_yellow_b_cat-Artifacts_chal-Quantity.png,0.1,True,True,True,1.0,0.58804,0.9372,INTEGRITY_CLASH,INTEGRITY_CLASH,0.33099,0.58804,CONSISTENT_SYNTHETIC,False,True
0102_two_beat-up_baseballs_on_either_side_of_a_yellow_b_cat-Artifacts_chal-Quantity.png,0.2,True,True,True,1.0,0.23193,0.8853,INTEGRITY_CLASH,INTEGRITY_CLASH,0.24446,0.23193,CONSISTENT_SYNTHETIC,False,True
0103_a_flag_furling_in_the_wind_cat-Artifacts_chal-Simple Detail.png,0.1,True,True,True,1.0,0.94864,0.9803,INTEGRITY_CLASH,INTEGRITY_CLASH,0.33469,0.94864,CONSISTENT_SYNTHETIC,False,True
0103_a_flag_furling_in_the_wind_cat-Artifacts_chal-Simple Detail.png,0.2,True,True,True,1.0,0.77987,0.9624,INTEGRITY_CLASH,INTEGRITY_CLASH,0.51524,0.77987,CONSISTENT_SYNTHETIC,False,True
0104_A_castle_made_of_cardboard_cat-Artifacts_chal-Style & Format.png,0.1,True,True,True,0.9375,0.32297,0.8968,INTEGRITY_CLASH,INTEGRITY_CLASH,0.06916,0.32297,CONSISTENT_SYNTHETIC,False,True
0104_A_castle_made_of_cardboard_cat-Artifacts_chal-Style & Format.png,0.2,True,True,True,0.5,0.0,0.0,SILENT_ESCAPE,TAMPERED_REGION,0.0,0.0,TAMPERED_REGION,True,True
0105_a_coffee_mug_with_an_ankh_symbol_on_it_cat-Artifacts_chal-Writing & Symbols.png,0.1,True,True,True,1.0,0.41492,0.9605,INTEGRITY_CLASH,INTEGRITY_CLASH,0.14608,0.41492,CONSISTENT_SYNTHETIC,False,True
0105_a_coffee_mug_with_an_ankh_symbol_on_it_cat-Artifacts_chal-Writing & Symbols.png,0.2,True,True,True,0.8125,0.04412,0.9904,INTEGRITY_CLASH,INTEGRITY_CLASH,0.02909,0.04412,CONSISTENT_SYNTHETIC,False,True
0106_a_t-shirt_cat-Artifacts_chal-Basic.png,0.1,True,True,True,0.8438,1.0,0.9738,INTEGRITY_CLASH,INTEGRITY_CLASH,0.01294,1.0,CONSISTENT_SYNTHETIC,False,True
0106_a_t-shirt_cat-Artifacts_chal-Basic.png,0.2,True,True,True,0.75,1.0,0.8884,INTEGRITY_CLASH,INTEGRITY_CLASH,0.02424,1.0,CONSISTENT_SYNTHETIC,False,True
0107_a_propaganda_poster_depicting_a_cat_dressed_as_fre_cat-Artifacts_chal-Complex.png,0.1,True,True,True,1.0,1.0,0.9585,INTEGRITY_CLASH,INTEGRITY_CLASH,0.05769,1.0,CONSISTENT_SYNTHETIC,False,True
0107_a_propaganda_poster_depicting_a_cat_dressed_as_fre_cat-Artifacts_chal-Complex.png,0.2,True,True,True,1.0,0.91026,0.9527,INTEGRITY_CLASH,INTEGRITY_CLASH,0.09834,0.91026,CONSISTENT_SYNTHETIC,False,True
0108_a_white_pawn_attacking_a_black_bishop_cat-Artifacts_chal-Fine-grained Detail.png,0.1,True,True,True,0.8438,0.63182,0.433,INTEGRITY_CLASH,INTEGRITY_CLASH,0.05141,0.63182,CONSISTENT_SYNTHETIC,False,True
0108_a_white_pawn_attacking_a_black_bishop_cat-Artifacts_chal-Fine-grained Detail.png,0.2,True,True,True,0.5938,0.23182,0.3385,SILENT_ESCAPE,WATERMARK_SUPPRESSED,0.03532,0.23182,WATERMARK_SUPPRESSED,True,True
0109_a_clock_with_no_hands_cat-Artifacts_chal-Imagination.png,0.1,True,True,True,0.4688,0.0,0.0,SILENT_ESCAPE,TAMPERED_REGION,0.0,0.0,TAMPERED_REGION,True,True
0109_a_clock_with_no_hands_cat-Artifacts_chal-Imagination.png,0.2,True,True,True,0.4688,0.0,0.0,SILENT_ESCAPE,TAMPERED_REGION,0.0,0.0,TAMPERED_REGION,True,True
0110_a_laptop_no_letters_on_its_keyboard_cat-Artifacts_chal-Linguistic Structures.png,0.1,True,True,True,0.8438,0.25243,0.8201,INTEGRITY_CLASH,INTEGRITY_CLASH,0.01923,0.25243,CONSISTENT_SYNTHETIC,False,True
0110_a_laptop_no_letters_on_its_keyboard_cat-Artifacts_chal-Linguistic Structures.png,0.2,True,True,True,0.625,0.0,0.0,SILENT_ESCAPE,TAMPERED_REGION,0.0,0.0,TAMPERED_REGION,True,True
0111_view_of_a_clock_tower_from_above_cat-Artifacts_chal-Perspective.png,0.1,True,True,True,1.0,1.0,0.9829,INTEGRITY_CLASH,INTEGRITY_CLASH,0.56213,1.0,CONSISTENT_SYNTHETIC,False,True
0111_view_of_a_clock_tower_from_above_cat-Artifacts_chal-Perspective.png,0.2,True,True,True,1.0,0.87566,0.9762,INTEGRITY_CLASH,INTEGRITY_CLASH,0.92175,0.87566,CONSISTENT_SYNTHETIC,False,True
0112_a_white_flag_with_a_red_circle_next_to_a_solid_blu_cat-Artifacts_chal-Properties & Positioning.png,0.1,True,True,True,1.0,0.99148,0.9864,INTEGRITY_CLASH,INTEGRITY_CLASH,0.12907,0.99148,CONSISTENT_SYNTHETIC,False,True
0112_a_white_flag_with_a_red_circle_next_to_a_solid_blu_cat-Artifacts_chal-Properties & Positioning.png,0.2,True,True,True,1.0,0.73011,0.9859,INTEGRITY_CLASH,INTEGRITY_CLASH,0.17798,0.73011,CONSISTENT_SYNTHETIC,False,True
0113_a_comic_about_two_cats_doing_research_cat-Artifacts_chal-Quantity.png,0.1,True,True,True,0.9688,0.73934,0.9864,INTEGRITY_CLASH,INTEGRITY_CLASH,0.05769,0.73934,CONSISTENT_SYNTHETIC,False,True
0113_a_comic_about_two_cats_doing_research_cat-Artifacts_chal-Quantity.png,0.2,True,True,True,0.7188,0.14218,0.997,SILENT_ESCAPE,SILENT_OTHER,0.02078,0.14218,BENIGN_NO_FLAG,False,True
0114_a_yellow_diamond-shaped_sign_cat-Artifacts_chal-Simple Detail.png,0.1,True,True,True,1.0,0.81938,0.8999,INTEGRITY_CLASH,INTEGRITY_CLASH,0.06879,0.81938,CONSISTENT_SYNTHETIC,False,True
0114_a_yellow_diamond-shaped_sign_cat-Artifacts_chal-Simple Detail.png,0.2,True,True,True,0.9688,0.60793,0.9326,INTEGRITY_CLASH,INTEGRITY_CLASH,0.09557,0.60793,CONSISTENT_SYNTHETIC,False,True
0115_a_comic_about_a_friendly_car_in_the_city_cat-Artifacts_chal-Style & Format.png,0.1,True,True,True,0.625,0.26087,0.6925,SILENT_ESCAPE,SILENT_OTHER,0.02441,0.26087,BENIGN_NO_FLAG,False,True
0115_a_comic_about_a_friendly_car_in_the_city_cat-Artifacts_chal-Style & Format.png,0.2,True,True,True,0.5,0.04743,0.9067,SILENT_ESCAPE,TAMPERED_REGION,0.00831,0.04743,TAMPERED_REGION,True,True
0116_a_sweatshirt_with_Batch_Norm_written_on_it_cat-Artifacts_chal-Writing & Symbols.png,0.1,True,True,True,1.0,0.97178,0.9983,INTEGRITY_CLASH,INTEGRITY_CLASH,0.78957,0.97178,CONSISTENT_SYNTHETIC,False,True
0116_a_sweatshirt_with_Batch_Norm_written_on_it_cat-Artifacts_chal-Writing & Symbols.png,0.2,True,True,True,1.0,0.65407,0.9994,INTEGRITY_CLASH,INTEGRITY_CLASH,0.99515,0.65407,CONSISTENT_SYNTHETIC,False,True
0117_a_laptop_screen_cat-Artifacts_chal-Basic.png,0.1,True,True,True,0.4375,0.35897,0.009,SILENT_ESCAPE,WATERMARK_SUPPRESSED,0.00518,0.35897,WATERMARK_SUPPRESSED,True,False
0117_a_laptop_screen_cat-Artifacts_chal-Basic.png,0.2,True,True,True,0.5312,0.0,0.0,SILENT_ESCAPE,TAMPERED_REGION,0.0,0.0,TAMPERED_REGION,True,False
0118_a_brown_trash_bin_with_a_green_compost_bin_on_its__cat-Artifacts_chal-Complex.png,0.1,True,True,True,0.3438,0.07,0.2483,SILENT_ESCAPE,WATERMARK_SUPPRESSED,0.01036,0.07,WATERMARK_SUPPRESSED,True,True
0118_a_brown_trash_bin_with_a_green_compost_bin_on_its__cat-Artifacts_chal-Complex.png,0.2,True,True,True,0.3438,0.0,0.0,SILENT_ESCAPE,TAMPERED_REGION,0.0,0.0,TAMPERED_REGION,True,True
0119_a_chess_queen_to_the_right_of_a_chess_knight_cat-Artifacts_chal-Fine-grained Detail.png,0.1,True,True,True,1.0,0.7575,0.9634,INTEGRITY_CLASH,INTEGRITY_CLASH,0.34541,0.7575,CONSISTENT_SYNTHETIC,False,True
0119_a_chess_queen_to_the_right_of_a_chess_knight_cat-Artifacts_chal-Fine-grained Detail.png,0.2,True,True,True,1.0,0.27981,0.9826,INTEGRITY_CLASH,INTEGRITY_CLASH,0.23892,0.27981,CONSISTENT_SYNTHETIC,False,True
0120_an_espresso_machine_that_makes_coffee_from_human_s_cat-Artifacts_chal-Imagination.png,0.1,True,True,True,1.0,0.85366,0.9613,INTEGRITY_CLASH,INTEGRITY_CLASH,0.07766,0.85366,CONSISTENT_SYNTHETIC,False,True
0120_an_espresso_machine_that_makes_coffee_from_human_s_cat-Artifacts_chal-Imagination.png,0.2,True,True,True,0.9375,0.57317,0.9933,INTEGRITY_CLASH,INTEGRITY_CLASH,0.09765,0.57317,CONSISTENT_SYNTHETIC,False,True
0121_The_sculpture_rolled_off_the_shelf_because_it_wasn_cat-Artifacts_chal-Linguistic Structures.png,0.1,True,True,True,0.5312,0.06507,0.7876,SILENT_ESCAPE,SILENT_OTHER,0.00703,0.06507,BENIGN_NO_FLAG,False,True
0121_The_sculpture_rolled_off_the_shelf_because_it_wasn_cat-Artifacts_chal-Linguistic Structures.png,0.2,True,True,True,0.5312,0.0,0.0,SILENT_ESCAPE,TAMPERED_REGION,0.0,0.0,TAMPERED_REGION,True,True
0122_a_close-up_of_the_keys_of_a_piano_cat-Artifacts_chal-Perspective.png,0.1,True,True,True,0.75,0.34133,0.8088,INTEGRITY_CLASH,INTEGRITY_CLASH,0.04734,0.34133,CONSISTENT_SYNTHETIC,False,True
0122_a_close-up_of_the_keys_of_a_piano_cat-Artifacts_chal-Perspective.png,0.2,True,True,True,0.5,0.01333,0.919,SILENT_ESCAPE,TAMPERED_REGION,0.00346,0.01333,TAMPERED_REGION,True,True
0123_a_brown_trash_bin_to_the_left_of_a_blue_recycling__cat-Artifacts_chal-Properties & Positioning.png,0.1,True,True,True,1.0,0.26316,0.925,INTEGRITY_CLASH,INTEGRITY_CLASH,0.04808,0.26316,CONSISTENT_SYNTHETIC,False,True
0123_a_brown_trash_bin_to_the_left_of_a_blue_recycling__cat-Artifacts_chal-Properties & Positioning.png,0.2,True,True,True,0.5625,0.0,0.0,SILENT_ESCAPE,TAMPERED_REGION,0.0,0.0,TAMPERED_REGION,True,True
0124_two_red_balls_on_a_table_cat-Artifacts_chal-Quantity.png,0.1,True,True,True,0.7812,0.36106,0.9909,INTEGRITY_CLASH,INTEGRITY_CLASH,0.07544,0.36106,CONSISTENT_SYNTHETIC,False,True
0124_two_red_balls_on_a_table_cat-Artifacts_chal-Quantity.png,0.2,True,True,True,0.3438,0.0,0.0,SILENT_ESCAPE,TAMPERED_REGION,0.0,0.0,TAMPERED_REGION,True,True
0125_a_screwdriver_on_a_table_cat-Artifacts_chal-Simple Detail.png,0.1,True,True,True,0.9688,0.49696,0.9517,INTEGRITY_CLASH,INTEGRITY_CLASH,0.18121,0.49696,CONSISTENT_SYNTHETIC,False,True
0125_a_screwdriver_on_a_table_cat-Artifacts_chal-Simple Detail.png,0.2,True,True,True,0.7188,0.09432,0.9064,SILENT_ESCAPE,SILENT_OTHER,0.0644,0.09432,BENIGN_NO_FLAG,False,True
0126_The_Starry_Night_cat-Arts_chal-Basic.png,0.1,True,True,True,0.7188,0.79211,0.234,SILENT_ESCAPE,WATERMARK_SUPPRESSED,0.08173,0.79211,WATERMARK_SUPPRESSED,True,True
0126_The_Starry_Night_cat-Arts_chal-Basic.png,0.2,True,True,True,0.5,0.05018,0.0001,SILENT_ESCAPE,WATERMARK_SUPPRESSED,0.0097,0.05018,WATERMARK_SUPPRESSED,True,True
0127_A_raccoon_wearing_formal_clothes_wearing_a_tophat__cat-Arts_chal-Complex.png,0.1,True,True,True,1.0,0.56245,0.9635,INTEGRITY_CLASH,INTEGRITY_CLASH,0.47633,0.56245,CONSISTENT_SYNTHETIC,False,True
0127_A_raccoon_wearing_formal_clothes_wearing_a_tophat__cat-Arts_chal-Complex.png,0.2,True,True,True,1.0,0.22664,0.9775,INTEGRITY_CLASH,INTEGRITY_CLASH,0.35942,0.22664,CONSISTENT_SYNTHETIC,False,True
0128_a_young_badger_delicately_sniffing_a_yellow_rose_r_cat-Arts_chal-Fine-grained Detail.png,0.1,True,True,True,1.0,0.44478,0.9741,INTEGRITY_CLASH,INTEGRITY_CLASH,0.27108,0.44478,CONSISTENT_SYNTHETIC,False,True
0128_a_young_badger_delicately_sniffing_a_yellow_rose_r_cat-Arts_chal-Fine-grained Detail.png,0.2,True,True,True,0.75,0.07342,0.9787,INTEGRITY_CLASH,INTEGRITY_CLASH,0.0838,0.07342,CONSISTENT_SYNTHETIC,False,True
0129_A_tornado_made_of_bees_crashing_into_a_skyscraper__cat-Arts_chal-Imagination.png,0.1,True,True,True,0.9688,0.17536,0.9007,INTEGRITY_CLASH,INTEGRITY_CLASH,0.02737,0.17536,CONSISTENT_SYNTHETIC,False,True
0129_A_tornado_made_of_bees_crashing_into_a_skyscraper__cat-Arts_chal-Imagination.png,0.2,True,True,True,0.5312,0.0,0.0,SILENT_ESCAPE,TAMPERED_REGION,0.0,0.0,TAMPERED_REGION,True,True
0130_an_impressionistic_painting_of_tree_and_a_building_cat-Arts_chal-Style & Format.png,0.1,True,True,True,0.5938,0.0913,0.688,SILENT_ESCAPE,SILENT_OTHER,0.0159,0.0913,BENIGN_NO_FLAG,False,True
0130_an_impressionistic_painting_of_tree_and_a_building_cat-Arts_chal-Style & Format.png,0.2,True,True,True,0.5312,0.0,0.0,SILENT_ESCAPE,TAMPERED_REGION,0.0,0.0,TAMPERED_REGION,True,True
0131_an_oil_surrealist_painting_of_a_dreamworld_on_a_se_cat-Arts_chal-Complex.png,0.1,True,True,True,1.0,0.47318,0.9559,INTEGRITY_CLASH,INTEGRITY_CLASH,0.14682,0.47318,CONSISTENT_SYNTHETIC,False,True
0131_an_oil_surrealist_painting_of_a_dreamworld_on_a_se_cat-Arts_chal-Complex.png,0.2,True,True,True,0.9062,0.08105,0.9873,INTEGRITY_CLASH,INTEGRITY_CLASH,0.04709,0.08105,CONSISTENT_SYNTHETIC,False,True
0132_a_super_math_wizard_cat_richly_textured_oil_painti_cat-Arts_chal-Imagination.png,0.1,True,True,True,1.0,0.97246,0.7559,INTEGRITY_CLASH,INTEGRITY_CLASH,0.16975,0.97246,CONSISTENT_SYNTHETIC,False,True
0132_a_super_math_wizard_cat_richly_textured_oil_painti_cat-Arts_chal-Imagination.png,0.2,True,True,True,0.9375,0.58051,0.8261,INTEGRITY_CLASH,INTEGRITY_CLASH,0.18975,0.58051,CONSISTENT_SYNTHETIC,False,True
0133_a_painting_of_a_sport_car_in_the_style_of_Monet_cat-Arts_chal-Style & Format.png,0.1,True,True,True,1.0,0.58796,0.9774,INTEGRITY_CLASH,INTEGRITY_CLASH,0.36834,0.58796,CONSISTENT_SYNTHETIC,False,True
0133_a_painting_of_a_sport_car_in_the_style_of_Monet_cat-Arts_chal-Style & Format.png,0.2,True,True,True,0.9375,0.2438,0.9526,INTEGRITY_CLASH,INTEGRITY_CLASH,0.28601,0.2438,CONSISTENT_SYNTHETIC,False,True
0134_a_painting_of_an_ornate_treasure_chest_with_a_broa_cat-Arts_chal-Complex.png,0.1,True,True,True,0.75,0.63874,0.3042,INTEGRITY_CLASH,INTEGRITY_CLASH,0.04512,0.63874,CONSISTENT_SYNTHETIC,False,True
0134_a_painting_of_an_ornate_treasure_chest_with_a_broa_cat-Arts_chal-Complex.png,0.2,True,True,True,0.5938,0.06806,0.6766,SILENT_ESCAPE,SILENT_OTHER,0.009,0.06806,BENIGN_NO_FLAG,False,True
0135_A_tornado_made_of_sharks_crashing_into_a_skyscrape_cat-Arts_chal-Imagination.png,0.1,True,True,True,1.0,0.95143,0.9775,INTEGRITY_CLASH,INTEGRITY_CLASH,0.15939,0.95143,CONSISTENT_SYNTHETIC,False,True
0135_A_tornado_made_of_sharks_crashing_into_a_skyscrape_cat-Arts_chal-Imagination.png,0.2,True,True,True,1.0,0.36424,0.9847,INTEGRITY_CLASH,INTEGRITY_CLASH,0.11427,0.36424,CONSISTENT_SYNTHETIC,False,True
0136_portrait_of_a_well-dressed_raccoon_oil_painting_in_cat-Arts_chal-Style & Format.png,0.1,True,True,True,1.0,0.39167,0.9749,INTEGRITY_CLASH,INTEGRITY_CLASH,0.20858,0.39167,CONSISTENT_SYNTHETIC,False,True
0136_portrait_of_a_well-dressed_raccoon_oil_painting_in_cat-Arts_chal-Style & Format.png,0.2,True,True,True,0.875,0.06389,0.955,INTEGRITY_CLASH,INTEGRITY_CLASH,0.06371,0.06389,CONSISTENT_SYNTHETIC,False,True
0137_A_solitary_figure_shrouded_in_mists_peers_up_from__cat-Arts_chal-Complex.png,0.1,True,True,True,1.0,0.6664,0.8387,INTEGRITY_CLASH,INTEGRITY_CLASH,0.31176,0.6664,CONSISTENT_SYNTHETIC,False,True
0137_A_solitary_figure_shrouded_in_mists_peers_up_from__cat-Arts_chal-Complex.png,0.2,True,True,True,1.0,0.36443,0.8413,INTEGRITY_CLASH,INTEGRITY_CLASH,0.31925,0.36443,CONSISTENT_SYNTHETIC,False,True
0138_A_tornado_made_of_sharks_crashing_into_a_skyscrape_cat-Arts_chal-Imagination.png,0.1,True,True,True,0.75,0.45588,0.9207,INTEGRITY_CLASH,INTEGRITY_CLASH,0.01146,0.45588,CONSISTENT_SYNTHETIC,False,True
0138_A_tornado_made_of_sharks_crashing_into_a_skyscrape_cat-Arts_chal-Imagination.png,0.2,True,True,True,0.4375,0.0,0.0,SILENT_ESCAPE,TAMPERED_REGION,0.0,0.0,TAMPERED_REGION,True,True
0139_an_abstract_painting_of_three_triangles_in_blue_ye_cat-Arts_chal-Style & Format.png,0.1,True,True,True,0.5,0.20266,0.7804,SILENT_ESCAPE,SILENT_OTHER,0.02256,0.20266,BENIGN_NO_FLAG,False,True
0139_an_abstract_painting_of_three_triangles_in_blue_ye_cat-Arts_chal-Style & Format.png,0.2,True,True,True,0.4688,0.0,0.0,SILENT_ESCAPE,TAMPERED_REGION,0.0,0.0,TAMPERED_REGION,True,True
0140_A_raccoon_wearing_formal_clothes_wearing_a_tophat__cat-Arts_chal-Complex.png,0.1,True,True,True,1.0,0.85232,0.7913,INTEGRITY_CLASH,INTEGRITY_CLASH,0.0747,0.85232,CONSISTENT_SYNTHETIC,False,True
0140_A_raccoon_wearing_formal_clothes_wearing_a_tophat__cat-Arts_chal-Complex.png,0.2,True,True,True,0.875,0.38397,0.7024,INTEGRITY_CLASH,INTEGRITY_CLASH,0.06302,0.38397,CONSISTENT_SYNTHETIC,False,True
0141_A_tornado_made_of_tigers_crashing_into_a_skyscrape_cat-Arts_chal-Imagination.png,0.1,True,True,True,1.0,1.0,0.9404,INTEGRITY_CLASH,INTEGRITY_CLASH,0.09283,1.0,CONSISTENT_SYNTHETIC,False,True
0141_A_tornado_made_of_tigers_crashing_into_a_skyscrape_cat-Arts_chal-Imagination.png,0.2,True,True,True,1.0,0.9004,0.9848,INTEGRITY_CLASH,INTEGRITY_CLASH,0.15651,0.9004,CONSISTENT_SYNTHETIC,False,True
0142_an_abstract_painting_with_blue_red_and_black_cat-Arts_chal-Style & Format.png,0.1,True,True,True,0.6875,0.25974,0.8434,SILENT_ESCAPE,SILENT_OTHER,0.01479,0.25974,BENIGN_NO_FLAG,False,True
0142_an_abstract_painting_with_blue_red_and_black_cat-Arts_chal-Style & Format.png,0.2,True,True,True,0.5312,0.0,0.0,SILENT_ESCAPE,TAMPERED_REGION,0.0,0.0,TAMPERED_REGION,True,True
0143_Painting_of_a_panic-stricken_creature_simultaneous_cat-Arts_chal-Complex.png,0.1,True,True,True,1.0,0.50691,0.9553,INTEGRITY_CLASH,INTEGRITY_CLASH,0.24408,0.50691,CONSISTENT_SYNTHETIC,False,True
0143_Painting_of_a_panic-stricken_creature_simultaneous_cat-Arts_chal-Complex.png,0.2,True,True,True,1.0,0.16206,0.9743,INTEGRITY_CLASH,INTEGRITY_CLASH,0.14612,0.16206,CONSISTENT_SYNTHETIC,False,True
0144_A_tornado_made_of_tigers_crashing_into_a_skyscrape_cat-Arts_chal-Imagination.png,0.1,True,True,True,0.9062,0.58511,0.8922,INTEGRITY_CLASH,INTEGRITY_CLASH,0.04068,0.58511,CONSISTENT_SYNTHETIC,False,True
0144_A_tornado_made_of_tigers_crashing_into_a_skyscrape_cat-Arts_chal-Imagination.png,0.2,True,True,True,0.4375,0.03723,0.9728,SILENT_ESCAPE,TAMPERED_REGION,0.00485,0.03723,TAMPERED_REGION,True,True
0145_an_abstract_painting_of_three_squares_in_blue_yell_cat-Arts_chal-Style & Format.png,0.1,True,True,True,1.0,1.0,0.9894,INTEGRITY_CLASH,INTEGRITY_CLASH,0.1875,1.0,CONSISTENT_SYNTHETIC,False,True
0145_an_abstract_painting_of_three_squares_in_blue_yell_cat-Arts_chal-Style & Format.png,0.2,True,True,True,1.0,0.61933,0.9974,INTEGRITY_CLASH,INTEGRITY_CLASH,0.21745,0.61933,CONSISTENT_SYNTHETIC,False,True
0146_An_oil_painting_of_two_rabbits_in_the_style_of_Ame_cat-Arts_chal-Complex.png,0.1,True,True,True,1.0,0.44209,0.9491,INTEGRITY_CLASH,INTEGRITY_CLASH,0.18491,0.44209,CONSISTENT_SYNTHETIC,False,True
0146_An_oil_painting_of_two_rabbits_in_the_style_of_Ame_cat-Arts_chal-Complex.png,0.2,True,True,True,1.0,0.0893,0.9501,INTEGRITY_CLASH,INTEGRITY_CLASH,0.06994,0.0893,CONSISTENT_SYNTHETIC,False,True
0147_A_tornado_made_of_bees_crashing_into_a_skyscraper__cat-Arts_chal-Imagination.png,0.1,True,True,True,0.5938,0.07692,0.0003,SILENT_ESCAPE,WATERMARK_SUPPRESSED,0.00074,0.07692,WATERMARK_SUPPRESSED,True,True
0147_A_tornado_made_of_bees_crashing_into_a_skyscraper__cat-Arts_chal-Imagination.png,0.2,True,True,True,0.5938,0.0,0.0,SILENT_ESCAPE,TAMPERED_REGION,0.0,0.0,TAMPERED_REGION,True,True
0148_a_painting_of_a_house_on_a_mountain_cat-Arts_chal-Style & Format.png,0.1,True,True,True,1.0,0.35659,0.9591,INTEGRITY_CLASH,INTEGRITY_CLASH,0.10207,0.35659,CONSISTENT_SYNTHETIC,False,True
0148_a_painting_of_a_house_on_a_mountain_cat-Arts_chal-Style & Format.png,0.2,True,True,True,0.9062,0.05426,0.9927,INTEGRITY_CLASH,INTEGRITY_CLASH,0.02909,0.05426,CONSISTENT_SYNTHETIC,False,True
0149_A_raccoon_wearing_formal_clothes_wearing_a_top_hat_cat-Arts_chal-Complex.png,0.1,True,True,True,0.8125,0.75796,0.4174,INTEGRITY_CLASH,INTEGRITY_CLASH,0.04401,0.75796,CONSISTENT_SYNTHETIC,False,True
0149_A_raccoon_wearing_formal_clothes_wearing_a_top_hat_cat-Arts_chal-Complex.png,0.2,True,True,True,0.6562,0.17834,0.5875,SILENT_ESCAPE,SILENT_OTHER,0.01939,0.17834,BENIGN_NO_FLAG,False,True
0150_An_oil_painting_of_a_two-story_house_lifting_off_t_cat-Arts_chal-Imagination.png,0.1,True,True,True,0.6875,0.18283,0.905,SILENT_ESCAPE,SILENT_OTHER,0.02441,0.18283,BENIGN_NO_FLAG,False,True
0150_An_oil_painting_of_a_two-story_house_lifting_off_t_cat-Arts_chal-Imagination.png,0.2,True,True,True,0.625,0.00277,0.1986,SILENT_ESCAPE,TAMPERED_REGION,0.00069,0.00277,TAMPERED_REGION,True,True
0151_light_and_happiness_throughout_and_finding_its_way_cat-Arts_chal-Style & Format.png,0.1,True,True,True,0.75,0.08,0.0133,INTEGRITY_CLASH,INTEGRITY_CLASH,0.00074,0.08,CONSISTENT_SYNTHETIC,False,True
0151_light_and_happiness_throughout_and_finding_its_way_cat-Arts_chal-Style & Format.png,0.2,True,True,True,0.75,0.0,0.0,INTEGRITY_CLASH,INTEGRITY_CLASH,0.0,0.0,CONSISTENT_SYNTHETIC,False,True
0152_A_raccoon_wearing_formal_clothes_wearing_a_tophat__cat-Arts_chal-Complex.png,0.1,True,True,True,1.0,1.0,0.849,INTEGRITY_CLASH,INTEGRITY_CLASH,0.07655,1.0,CONSISTENT_SYNTHETIC,False,True
0152_A_raccoon_wearing_formal_clothes_wearing_a_tophat__cat-Arts_chal-Complex.png,0.2,True,True,True,0.9688,0.70531,0.7876,INTEGRITY_CLASH,INTEGRITY_CLASH,0.10111,0.70531,CONSISTENT_SYNTHETIC,False,True
0153_A_tornado_made_of_bees_crashing_into_a_skyscraper__cat-Arts_chal-Imagination.png,0.1,True,True,True,1.0,1.0,0.9969,INTEGRITY_CLASH,INTEGRITY_CLASH,0.30325,1.0,CONSISTENT_SYNTHETIC,False,True
0153_A_tornado_made_of_bees_crashing_into_a_skyscraper__cat-Arts_chal-Imagination.png,0.2,True,True,True,1.0,0.82195,0.9962,INTEGRITY_CLASH,INTEGRITY_CLASH,0.46676,0.82195,CONSISTENT_SYNTHETIC,False,True
0154_a_watercolor_painting_of_a_snowy_owl_standing_in_a_cat-Arts_chal-Style & Format.png,0.1,True,True,True,1.0,0.99246,0.9938,INTEGRITY_CLASH,INTEGRITY_CLASH,0.34061,0.99246,CONSISTENT_SYNTHETIC,False,True
0154_a_watercolor_painting_of_a_snowy_owl_standing_in_a_cat-Arts_chal-Style & Format.png,0.2,True,True,True,1.0,0.83836,0.9846,INTEGRITY_CLASH,INTEGRITY_CLASH,0.53878,0.83836,CONSISTENT_SYNTHETIC,False,True
0155_A_raccoon_wearing_formal_clothes_wearing_a_tophat__cat-Arts_chal-Complex.png,0.1,True,True,True,1.0,0.49349,0.9772,INTEGRITY_CLASH,INTEGRITY_CLASH,0.40643,0.49349,CONSISTENT_SYNTHETIC,False,True
0155_A_raccoon_wearing_formal_clothes_wearing_a_tophat__cat-Arts_chal-Complex.png,0.2,True,True,True,1.0,0.12528,0.9872,INTEGRITY_CLASH,INTEGRITY_CLASH,0.19321,0.12528,CONSISTENT_SYNTHETIC,False,True
0156_A_tornado_made_of_sharks_crashing_into_a_skyscrape_cat-Arts_chal-Imagination.png,0.1,True,True,True,1.0,1.0,0.9924,INTEGRITY_CLASH,INTEGRITY_CLASH,0.05658,1.0,CONSISTENT_SYNTHETIC,False,True
0156_A_tornado_made_of_sharks_crashing_into_a_skyscrape_cat-Arts_chal-Imagination.png,0.2,True,True,True,1.0,0.76471,0.9933,INTEGRITY_CLASH,INTEGRITY_CLASH,0.08102,0.76471,CONSISTENT_SYNTHETIC,False,True
0157_a_watercolor_painting_of_a_tree_and_a_building_cat-Arts_chal-Style & Format.png,0.1,True,True,True,1.0,0.3511,0.9536,INTEGRITY_CLASH,INTEGRITY_CLASH,0.12426,0.3511,CONSISTENT_SYNTHETIC,False,True
0157_a_watercolor_painting_of_a_tree_and_a_building_cat-Arts_chal-Style & Format.png,0.2,True,True,True,0.875,0.03553,0.9366,INTEGRITY_CLASH,INTEGRITY_CLASH,0.02355,0.03553,CONSISTENT_SYNTHETIC,False,True
0158_Oil-on-canvas_painting_of_a_blue_night_sky_with_ro_cat-Arts_chal-Complex.png,0.1,True,True,True,0.4375,0.33684,0.7785,SILENT_ESCAPE,SILENT_OTHER,0.01183,0.33684,BENIGN_NO_FLAG,False,True
0158_Oil-on-canvas_painting_of_a_blue_night_sky_with_ro_cat-Arts_chal-Complex.png,0.2,True,True,True,0.4688,0.0,0.0,SILENT_ESCAPE,TAMPERED_REGION,0.0,0.0,TAMPERED_REGION,True,True
0159_A_tornado_made_of_tigers_crashing_into_a_skyscrape_cat-Arts_chal-Imagination.png,0.1,True,True,True,0.7812,0.42647,0.8976,INTEGRITY_CLASH,INTEGRITY_CLASH,0.02145,0.42647,CONSISTENT_SYNTHETIC,False,True
0159_A_tornado_made_of_tigers_crashing_into_a_skyscrape_cat-Arts_chal-Imagination.png,0.2,True,True,True,0.4062,0.0,0.0,SILENT_ESCAPE,TAMPERED_REGION,0.0,0.0,TAMPERED_REGION,True,True
0160_a_painting_of_a_peaceful_lakeside_landscape_cat-Arts_chal-Style & Format.png,0.1,True,True,True,0.9688,0.40966,0.9763,INTEGRITY_CLASH,INTEGRITY_CLASH,0.08469,0.40966,CONSISTENT_SYNTHETIC,False,True
0160_a_painting_of_a_peaceful_lakeside_landscape_cat-Arts_chal-Style & Format.png,0.2,True,True,True,0.75,0.04293,0.9948,INTEGRITY_CLASH,INTEGRITY_CLASH,0.01662,0.04293,CONSISTENT_SYNTHETIC,False,True
0161_A_raccoon_wearing_formal_clothes_wearing_a_tophat__cat-Arts_chal-Complex.png,0.1,True,True,True,1.0,0.71345,0.6419,INTEGRITY_CLASH,INTEGRITY_CLASH,0.04512,0.71345,CONSISTENT_SYNTHETIC,False,True
0161_A_raccoon_wearing_formal_clothes_wearing_a_tophat__cat-Arts_chal-Complex.png,0.2,True,True,True,0.5625,0.0,0.0,SILENT_ESCAPE,TAMPERED_REGION,0.0,0.0,TAMPERED_REGION,True,True
0162_an_abstract_painting_of_a_spaceship_cat-Arts_chal-Style & Format.png,0.1,True,True,True,1.0,1.0,0.9498,INTEGRITY_CLASH,INTEGRITY_CLASH,0.03476,1.0,CONSISTENT_SYNTHETIC,False,True
0162_an_abstract_painting_of_a_spaceship_cat-Arts_chal-Style & Format.png,0.2,True,True,True,1.0,1.0,0.9224,INTEGRITY_CLASH,INTEGRITY_CLASH,0.0651,1.0,CONSISTENT_SYNTHETIC,False,True
0163_A_raccoon_wearing_formal_clothes_wearing_a_tophat__cat-Arts_chal-Complex.png,0.1,True,True,True,1.0,0.51234,0.9453,INTEGRITY_CLASH,INTEGRITY_CLASH,0.44527,0.51234,CONSISTENT_SYNTHETIC,False,True
0163_A_raccoon_wearing_formal_clothes_wearing_a_tophat__cat-Arts_chal-Complex.png,0.2,True,True,True,1.0,0.15957,0.9889,INTEGRITY_CLASH,INTEGRITY_CLASH,0.2597,0.15957,CONSISTENT_SYNTHETIC,False,True
0164_an_oil_painting_of_a_cat_playing_checkers_cat-Arts_chal-Style & Format.png,0.1,True,True,True,1.0,0.96206,0.9632,INTEGRITY_CLASH,INTEGRITY_CLASH,0.36575,0.96206,CONSISTENT_SYNTHETIC,False,True
0164_an_oil_painting_of_a_cat_playing_checkers_cat-Arts_chal-Style & Format.png,0.2,True,True,True,1.0,0.8249,0.9664,INTEGRITY_CLASH,INTEGRITY_CLASH,0.58726,0.8249,CONSISTENT_SYNTHETIC,False,True
0165_A_raccoon_wearing_formal_clothes_wearing_a_tophat__cat-Arts_chal-Complex.png,0.1,True,True,True,1.0,1.0,0.8221,INTEGRITY_CLASH,INTEGRITY_CLASH,0.04475,1.0,CONSISTENT_SYNTHETIC,False,True
0165_A_raccoon_wearing_formal_clothes_wearing_a_tophat__cat-Arts_chal-Complex.png,0.2,True,True,True,0.9375,1.0,0.8284,INTEGRITY_CLASH,INTEGRITY_CLASH,0.0838,1.0,CONSISTENT_SYNTHETIC,False,True
0166_a_painting_of_a_cute_owl_on_a_box_cat-Arts_chal-Style & Format.png,0.1,True,True,True,1.0,0.43059,0.9766,INTEGRITY_CLASH,INTEGRITY_CLASH,0.37167,0.43059,CONSISTENT_SYNTHETIC,False,True
0166_a_painting_of_a_cute_owl_on_a_box_cat-Arts_chal-Style & Format.png,0.2,True,True,True,1.0,0.15681,0.9891,INTEGRITY_CLASH,INTEGRITY_CLASH,0.25346,0.15681,CONSISTENT_SYNTHETIC,False,True
0167_A_raccoon_wearing_formal_clothes_wearing_a_tophat__cat-Arts_chal-Complex.png,0.1,True,True,True,1.0,1.0,0.923,INTEGRITY_CLASH,INTEGRITY_CLASH,0.04438,1.0,CONSISTENT_SYNTHETIC,False,True
0167_A_raccoon_wearing_formal_clothes_wearing_a_tophat__cat-Arts_chal-Complex.png,0.2,True,True,True,0.9688,1.0,0.8915,INTEGRITY_CLASH,INTEGRITY_CLASH,0.0831,1.0,CONSISTENT_SYNTHETIC,False,True
0168_A_bowl_of_Pho_cat-Food & Beverage_chal-Basic.png,0.1,True,True,True,0.8438,0.19656,0.4966,INTEGRITY_CLASH,INTEGRITY_CLASH,0.03809,0.19656,CONSISTENT_SYNTHETIC,False,True
0168_A_bowl_of_Pho_cat-Food & Beverage_chal-Basic.png,0.2,True,True,True,0.4688,0.0,0.0,SILENT_ESCAPE,TAMPERED_REGION,0.0,0.0,TAMPERED_REGION,True,True
0169_A_photo_of_a_hamburger_fighting_a_hot_dog_in_a_box_cat-Food & Beverage_chal-Complex.png,0.1,True,True,True,0.9375,1.0,0.8222,INTEGRITY_CLASH,INTEGRITY_CLASH,0.0551,1.0,CONSISTENT_SYNTHETIC,False,True
0169_A_photo_of_a_hamburger_fighting_a_hot_dog_in_a_box_cat-Food & Beverage_chal-Complex.png,0.2,True,True,True,1.0,1.0,0.787,INTEGRITY_CLASH,INTEGRITY_CLASH,0.10319,1.0,CONSISTENT_SYNTHETIC,False,True
0170_a_can_of_Spam_on_an_elegant_plate_cat-Food & Beverage_chal-Fine-grained Detail.png,0.1,True,True,True,1.0,0.27883,0.8709,INTEGRITY_CLASH,INTEGRITY_CLASH,0.07064,0.27883,CONSISTENT_SYNTHETIC,False,True
0170_a_can_of_Spam_on_an_elegant_plate_cat-Food & Beverage_chal-Fine-grained Detail.png,0.2,True,True,True,0.5625,0.0,0.0,SILENT_ESCAPE,TAMPERED_REGION,0.0,0.0,TAMPERED_REGION,True,True
0171_A_bowl_of_soup_that_looks_like_a_monster_knitted_o_cat-Food & Beverage_chal-Imagination.png,0.1,True,True,True,1.0,1.0,0.961,INTEGRITY_CLASH,INTEGRITY_CLASH,0.35355,1.0,CONSISTENT_SYNTHETIC,False,True
0171_A_bowl_of_soup_that_looks_like_a_monster_knitted_o_cat-Food & Beverage_chal-Imagination.png,0.2,True,True,True,1.0,1.0,0.9433,INTEGRITY_CLASH,INTEGRITY_CLASH,0.66205,1.0,CONSISTENT_SYNTHETIC,False,True
0172_A_man_sips_a_latte_and_a_woman_a_beer_cat-Food & Beverage_chal-Linguistic Structures.png,0.1,True,True,True,1.0,0.37532,0.9227,INTEGRITY_CLASH,INTEGRITY_CLASH,0.1091,0.37532,CONSISTENT_SYNTHETIC,False,True
0172_A_man_sips_a_latte_and_a_woman_a_beer_cat-Food & Beverage_chal-Linguistic Structures.png,0.2,True,True,True,1.0,0.22774,0.9639,INTEGRITY_CLASH,INTEGRITY_CLASH,0.12396,0.22774,CONSISTENT_SYNTHETIC,False,True
0173_a_close-up_of_a_long-island_ice_tea_cocktail_cat-Food & Beverage_chal-Perspective.png,0.1,True,True,True,1.0,0.36275,0.9435,INTEGRITY_CLASH,INTEGRITY_CLASH,0.20673,0.36275,CONSISTENT_SYNTHETIC,False,True
0173_a_close-up_of_a_long-island_ice_tea_cocktail_cat-Food & Beverage_chal-Perspective.png,0.2,True,True,True,0.75,0.02206,0.8419,INTEGRITY_CLASH,INTEGRITY_CLASH,0.02355,0.02206,CONSISTENT_SYNTHETIC,False,True
0174_a_green_pepper_to_the_left_of_a_red_pepper_cat-Food & Beverage_chal-Properties & Positioning.png,0.1,True,True,True,1.0,1.0,0.9458,INTEGRITY_CLASH,INTEGRITY_CLASH,0.12759,1.0,CONSISTENT_SYNTHETIC,False,True
0174_a_green_pepper_to_the_left_of_a_red_pepper_cat-Food & Beverage_chal-Properties & Positioning.png,0.2,True,True,True,1.0,0.92754,0.9456,INTEGRITY_CLASH,INTEGRITY_CLASH,0.22161,0.92754,CONSISTENT_SYNTHETIC,False,True
0175_three_green_peppers_cat-Food & Beverage_chal-Quantity.png,0.1,True,True,True,1.0,0.56815,0.9727,INTEGRITY_CLASH,INTEGRITY_CLASH,0.2929,0.56815,CONSISTENT_SYNTHETIC,False,True
0175_three_green_peppers_cat-Food & Beverage_chal-Quantity.png,0.2,True,True,True,1.0,0.22525,0.99,INTEGRITY_CLASH,INTEGRITY_CLASH,0.21745,0.22525,CONSISTENT_SYNTHETIC,False,True
0176_a_long-island_ice_tea_cocktail_cat-Food & Beverage_chal-Simple Detail.png,0.1,True,True,True,0.4375,0.20133,0.7764,SILENT_ESCAPE,SILENT_OTHER,0.03365,0.20133,BENIGN_NO_FLAG,False,True
0176_a_long-island_ice_tea_cocktail_cat-Food & Beverage_chal-Simple Detail.png,0.2,True,True,True,0.4688,0.0,0.0,SILENT_ESCAPE,TAMPERED_REGION,0.0,0.0,TAMPERED_REGION,True,True
0177_a_painting_of_the_food_of_china_cat-Food & Beverage_chal-Style & Format.png,0.1,True,True,True,0.875,0.2637,0.8402,INTEGRITY_CLASH,INTEGRITY_CLASH,0.05695,0.2637,CONSISTENT_SYNTHETIC,False,True
0177_a_painting_of_the_food_of_china_cat-Food & Beverage_chal-Style & Format.png,0.2,True,True,True,0.5938,0.0,0.0,SILENT_ESCAPE,TAMPERED_REGION,0.0,0.0,TAMPERED_REGION,True,True
0178_Two_cups_of_coffee_one_with_latte_art_of_yin_yang__cat-Food & Beverage_chal-Writing & Symbols.png,0.1,True,True,True,1.0,1.0,0.6643,INTEGRITY_CLASH,INTEGRITY_CLASH,0.16605,1.0,CONSISTENT_SYNTHETIC,False,True
0178_Two_cups_of_coffee_one_with_latte_art_of_yin_yang__cat-Food & Beverage_chal-Writing & Symbols.png,0.2,True,True,True,1.0,0.90423,0.5974,INTEGRITY_CLASH,INTEGRITY_CLASH,0.28116,0.90423,CONSISTENT_SYNTHETIC,False,True
0179_a_cup_of_boba_cat-Food & Beverage_chal-Basic.png,0.1,True,True,True,1.0,0.38864,0.9442,INTEGRITY_CLASH,INTEGRITY_CLASH,0.3162,0.38864,CONSISTENT_SYNTHETIC,False,True
0179_a_cup_of_boba_cat-Food & Beverage_chal-Basic.png,0.2,True,True,True,0.9375,0.07727,0.9764,INTEGRITY_CLASH,INTEGRITY_CLASH,0.11773,0.07727,CONSISTENT_SYNTHETIC,False,True
0180_a_pineapple_with_one_beer_to_its_left_and_two_beer_cat-Food & Beverage_chal-Complex.png,0.1,True,True,True,1.0,1.0,0.9794,INTEGRITY_CLASH,INTEGRITY_CLASH,0.09837,1.0,CONSISTENT_SYNTHETIC,False,True
0180_a_pineapple_with_one_beer_to_its_left_and_two_beer_cat-Food & Beverage_chal-Complex.png,0.2,True,True,True,1.0,0.7782,0.9753,INTEGRITY_CLASH,INTEGRITY_CLASH,0.14335,0.7782,CONSISTENT_SYNTHETIC,False,True
0181_milk_pouring_from_a_glass_into_a_bowl_cat-Food & Beverage_chal-Fine-grained Detail.png,0.1,True,True,True,1.0,0.41443,0.9556,INTEGRITY_CLASH,INTEGRITY_CLASH,0.29734,0.41443,CONSISTENT_SYNTHETIC,False,True
0181_milk_pouring_from_a_glass_into_a_bowl_cat-Food & Beverage_chal-Fine-grained Detail.png,0.2,True,True,True,1.0,0.08505,0.9958,INTEGRITY_CLASH,INTEGRITY_CLASH,0.11427,0.08505,CONSISTENT_SYNTHETIC,False,True
0182_A_bowl_of_soup_that_looks_like_a_monster_with_tofu_cat-Food & Beverage_chal-Imagination.png,0.1,True,True,True,1.0,0.2785,0.9192,INTEGRITY_CLASH,INTEGRITY_CLASH,0.16716,0.2785,CONSISTENT_SYNTHETIC,False,True
0182_A_bowl_of_soup_that_looks_like_a_monster_with_tofu_cat-Food & Beverage_chal-Imagination.png,0.2,True,True,True,0.5625,0.00678,0.9758,SILENT_ESCAPE,TAMPERED_REGION,0.00762,0.00678,TAMPERED_REGION,True,True
0183_a_plate_that_has_no_bananas_on_it_there_is_a_glass_cat-Food & Beverage_chal-Linguistic Structures.png,0.1,True,True,True,1.0,0.50678,0.9843,INTEGRITY_CLASH,INTEGRITY_CLASH,0.20747,0.50678,CONSISTENT_SYNTHETIC,False,True
0183_a_plate_that_has_no_bananas_on_it_there_is_a_glass_cat-Food & Beverage_chal-Linguistic Structures.png,0.2,True,True,True,1.0,0.19512,0.9854,INTEGRITY_CLASH,INTEGRITY_CLASH,0.14958,0.19512,CONSISTENT_SYNTHETIC,False,True
0184_a_close-up_of_a_margarita_cat-Food & Beverage_chal-Perspective.png,0.1,True,True,True,1.0,0.41839,0.9612,INTEGRITY_CLASH,INTEGRITY_CLASH,0.11945,0.41839,CONSISTENT_SYNTHETIC,False,True
0184_a_close-up_of_a_margarita_cat-Food & Beverage_chal-Perspective.png,0.2,True,True,True,0.5312,0.03756,0.9619,SILENT_ESCAPE,TAMPERED_REGION,0.02008,0.03756,TAMPERED_REGION,True,True
0185_five_green_peppers_to_the_right_of_two_red_onions_cat-Food & Beverage_chal-Quantity.png,0.1,True,True,True,0.9375,0.97756,0.5872,INTEGRITY_CLASH,INTEGRITY_CLASH,0.1128,0.97756,CONSISTENT_SYNTHETIC,False,True
0185_five_green_peppers_to_the_right_of_two_red_onions_cat-Food & Beverage_chal-Quantity.png,0.2,True,True,True,0.5312,0.56731,0.2109,SILENT_ESCAPE,WATERMARK_SUPPRESSED,0.12258,0.56731,WATERMARK_SUPPRESSED,True,True
0186_slices_of_avocado_on_a_piece_of_toast_cat-Food & Beverage_chal-Simple Detail.png,0.1,True,True,True,1.0,0.64952,0.9361,INTEGRITY_CLASH,INTEGRITY_CLASH,0.25222,0.64952,CONSISTENT_SYNTHETIC,False,True
0186_slices_of_avocado_on_a_piece_of_toast_cat-Food & Beverage_chal-Simple Detail.png,0.2,True,True,True,1.0,0.46381,0.9818,INTEGRITY_CLASH,INTEGRITY_CLASH,0.33726,0.46381,CONSISTENT_SYNTHETIC,False,True
0187_orange_jello_in_the_shape_of_a_man_cat-Food & Beverage_chal-Style & Format.png,0.1,True,True,True,1.0,0.57295,0.9404,INTEGRITY_CLASH,INTEGRITY_CLASH,0.49667,0.57295,CONSISTENT_SYNTHETIC,False,True
0187_orange_jello_in_the_shape_of_a_man_cat-Food & Beverage_chal-Style & Format.png,0.2,True,True,True,1.0,0.17022,0.9205,INTEGRITY_CLASH,INTEGRITY_CLASH,0.27632,0.17022,CONSISTENT_SYNTHETIC,False,True
0188_A_burger_patty_with_the_bottom_bun_and_lettuce_and_cat-Food & Beverage_chal-Writing & Symbols.png,0.1,True,True,True,0.9688,0.61261,0.9404,INTEGRITY_CLASH,INTEGRITY_CLASH,0.0503,0.61261,CONSISTENT_SYNTHETIC,False,True
0188_A_burger_patty_with_the_bottom_bun_and_lettuce_and_cat-Food & Beverage_chal-Writing & Symbols.png,0.2,True,True,True,0.5312,0.06306,0.1732,SILENT_ESCAPE,WATERMARK_SUPPRESSED,0.0097,0.06306,WATERMARK_SUPPRESSED,True,True
0189_beer_cat-Food & Beverage_chal-Basic.png,0.1,True,True,True,1.0,0.30178,0.9065,INTEGRITY_CLASH,INTEGRITY_CLASH,0.10022,0.30178,CONSISTENT_SYNTHETIC,False,True
0189_beer_cat-Food & Beverage_chal-Basic.png,0.2,True,True,True,0.5625,0.0245,0.8349,SILENT_ESCAPE,TAMPERED_REGION,0.01524,0.0245,TAMPERED_REGION,True,True
0190_a_glass_of_orange_juice_to_the_right_of_a_plate_wi_cat-Food & Beverage_chal-Complex.png,0.1,True,True,True,1.0,0.49819,0.979,INTEGRITY_CLASH,INTEGRITY_CLASH,0.15274,0.49819,CONSISTENT_SYNTHETIC,False,True
0190_a_glass_of_orange_juice_to_the_right_of_a_plate_wi_cat-Food & Beverage_chal-Complex.png,0.2,True,True,True,0.9688,0.16526,0.9709,INTEGRITY_CLASH,INTEGRITY_CLASH,0.09488,0.16526,CONSISTENT_SYNTHETIC,False,True
0191_a_roast_turkey_being_taken_out_of_the_oven_cat-Food & Beverage_chal-Fine-grained Detail.png,0.1,True,True,True,0.875,0.78761,0.994,INTEGRITY_CLASH,INTEGRITY_CLASH,0.06583,0.78761,CONSISTENT_SYNTHETIC,False,True
0191_a_roast_turkey_being_taken_out_of_the_oven_cat-Food & Beverage_chal-Fine-grained Detail.png,0.2,True,True,True,1.0,0.57965,0.9702,INTEGRITY_CLASH,INTEGRITY_CLASH,0.09072,0.57965,CONSISTENT_SYNTHETIC,False,True
0192_a_full_pitcher_of_beer_with_an_elephants_trunk_in__cat-Food & Beverage_chal-Imagination.png,0.1,True,True,True,1.0,1.0,0.7978,INTEGRITY_CLASH,INTEGRITY_CLASH,0.30917,1.0,CONSISTENT_SYNTHETIC,False,True
0192_a_full_pitcher_of_beer_with_an_elephants_trunk_in__cat-Food & Beverage_chal-Imagination.png,0.2,True,True,True,1.0,0.72727,0.7335,INTEGRITY_CLASH,INTEGRITY_CLASH,0.42105,0.72727,CONSISTENT_SYNTHETIC,False,True
0193_a_close-up_of_an_old-fashioned_cocktail_cat-Food & Beverage_chal-Perspective.png,0.1,True,True,True,1.0,0.42436,0.8643,INTEGRITY_CLASH,INTEGRITY_CLASH,0.29253,0.42436,CONSISTENT_SYNTHETIC,False,True
0193_a_close-up_of_an_old-fashioned_cocktail_cat-Food & Beverage_chal-Perspective.png,0.2,True,True,True,0.75,0.03594,0.8236,INTEGRITY_CLASH,INTEGRITY_CLASH,0.0464,0.03594,CONSISTENT_SYNTHETIC,False,True
0194_a_plate_with_white_rice_topped_by_cooked_vegetable_cat-Food & Beverage_chal-Simple Detail.png,0.1,True,True,True,0.5,0.18619,0.8463,SILENT_ESCAPE,SILENT_OTHER,0.02293,0.18619,BENIGN_NO_FLAG,False,True
0194_a_plate_with_white_rice_topped_by_cooked_vegetable_cat-Food & Beverage_chal-Simple Detail.png,0.2,True,True,True,0.5938,0.0,0.0,SILENT_ESCAPE,TAMPERED_REGION,0.0,0.0,TAMPERED_REGION,True,True
0195_Two_cups_of_coffee_one_with_latte_art_of_a_heart_T_cat-Food & Beverage_chal-Writing & Symbols.png,0.1,True,True,True,0.9688,1.0,0.9724,INTEGRITY_CLASH,INTEGRITY_CLASH,0.05104,1.0,CONSISTENT_SYNTHETIC,False,True
0195_Two_cups_of_coffee_one_with_latte_art_of_a_heart_T_cat-Food & Beverage_chal-Writing & Symbols.png,0.2,True,True,True,1.0,1.0,0.9718,INTEGRITY_CLASH,INTEGRITY_CLASH,0.09557,1.0,CONSISTENT_SYNTHETIC,False,True
0196_a_green_pepper_cat-Food & Beverage_chal-Basic.png,0.1,True,True,True,0.9688,1.0,0.8019,INTEGRITY_CLASH,INTEGRITY_CLASH,0.17456,1.0,CONSISTENT_SYNTHETIC,False,True
0196_a_green_pepper_cat-Food & Beverage_chal-Basic.png,0.2,True,True,True,0.9688,1.0,0.7714,INTEGRITY_CLASH,INTEGRITY_CLASH,0.32687,1.0,CONSISTENT_SYNTHETIC,False,True
0197_a_bottle_of_beer_next_to_an_ashtray_with_a_half-sm_cat-Food & Beverage_chal-Complex.png,0.1,True,True,True,1.0,0.58957,0.9821,INTEGRITY_CLASH,INTEGRITY_CLASH,0.37611,0.58957,CONSISTENT_SYNTHETIC,False,True
0197_a_bottle_of_beer_next_to_an_ashtray_with_a_half-sm_cat-Food & Beverage_chal-Complex.png,0.2,True,True,True,1.0,0.24348,0.9792,INTEGRITY_CLASH,INTEGRITY_CLASH,0.29086,0.24348,CONSISTENT_SYNTHETIC,False,True
0198_a_bloody_mary_cocktail_next_to_a_napkin_cat-Food & Beverage_chal-Fine-grained Detail.png,0.1,True,True,True,0.9688,0.48173,0.9834,INTEGRITY_CLASH,INTEGRITY_CLASH,0.18528,0.48173,CONSISTENT_SYNTHETIC,False,True
0198_a_bloody_mary_cocktail_next_to_a_napkin_cat-Food & Beverage_chal-Fine-grained Detail.png,0.2,True,True,True,0.6562,0.08558,0.9676,SILENT_ESCAPE,SILENT_OTHER,0.06163,0.08558,BENIGN_NO_FLAG,False,True
0199_A_bowl_of_soup_that_looks_like_a_monster_spray-pai_cat-Food & Beverage_chal-Imagination.png,0.1,True,True,True,1.0,1.0,0.9675,INTEGRITY_CLASH,INTEGRITY_CLASH,0.39497,1.0,CONSISTENT_SYNTHETIC,False,True
0199_A_bowl_of_soup_that_looks_like_a_monster_spray-pai_cat-Food & Beverage_chal-Imagination.png,0.2,True,True,True,1.0,1.0,0.9481,INTEGRITY_CLASH,INTEGRITY_CLASH,0.73961,1.0,CONSISTENT_SYNTHETIC,False,True
