dataset,region_floor,suppression_threshold,assets,silent_escapes,tampered_region,watermark_suppressed,silent_other,flagged_escapes,escape_flag_rate_pct,escape_flag_ci95_pct,uncropped_assets,uncropped_decoder_misses,uncropped_region_flags,uncropped_region_flag_rate_pct,uncropped_region_flag_ci95_pct
SDXL centered,0.01,0.3,1800,752,523,97,132,620,82.447,"[79.565, 84.999]",200,2,1,0.5,"[0.088, 2.777]"
SDXL centered,0.01,0.5,1800,752,523,115,114,638,84.84,"[82.101, 87.226]",200,2,1,0.5,"[0.088, 2.777]"
SDXL centered,0.01,0.7,1800,752,523,137,92,660,87.766,"[85.23, 89.918]",200,2,1,0.5,"[0.088, 2.777]"
SDXL centered,0.05,0.3,1800,752,598,74,80,672,89.362,"[86.954, 91.369]",200,2,1,0.5,"[0.088, 2.777]"
SDXL centered,0.05,0.5,1800,752,598,88,66,686,91.223,"[88.986, 93.042]",200,2,1,0.5,"[0.088, 2.777]"
SDXL centered,0.05,0.7,1800,752,598,107,47,705,93.75,"[91.788, 95.268]",200,2,1,0.5,"[0.088, 2.777]"
SDXL centered,0.1,0.3,1800,752,637,54,61,691,91.888,"[89.717, 93.633]",200,2,1,0.5,"[0.088, 2.777]"
SDXL centered,0.1,0.5,1800,752,637,67,48,704,93.617,"[91.639, 95.152]",200,2,1,0.5,"[0.088, 2.777]"
SDXL centered,0.1,0.7,1800,752,637,81,34,718,95.479,"[93.748, 96.747]",200,2,1,0.5,"[0.088, 2.777]"
SDXL centered,0.2,0.3,1800,752,682,28,42,710,94.415,"[92.537, 95.842]",200,2,1,0.5,"[0.088, 2.777]"
SDXL centered,0.2,0.5,1800,752,682,37,33,719,95.612,"[93.901, 96.858]",200,2,1,0.5,"[0.088, 2.777]"
SDXL centered,0.2,0.7,1800,752,682,45,25,727,96.676,"[95.138, 97.738]",200,2,1,0.5,"[0.088, 2.777]"
PixArt-alpha centered,0.01,0.3,1800,940,549,258,133,807,85.851,"[83.477, 87.933]",200,4,2,1.0,"[0.275, 3.572]"
PixArt-alpha centered,0.01,0.5,1800,940,549,284,107,833,88.617,"[86.428, 90.492]",200,4,2,1.0,"[0.275, 3.572]"
PixArt-alpha centered,0.01,0.7,1800,940,549,319,72,868,92.34,"[90.463, 93.873]",200,4,2,1.0,"[0.275, 3.572]"
PixArt-alpha centered,0.05,0.3,1800,940,653,200,87,853,90.745,"[88.723, 92.435]",200,4,2,1.0,"[0.275, 3.572]"
PixArt-alpha centered,0.05,0.5,1800,940,653,217,70,870,92.553,"[90.696, 94.064]",200,4,2,1.0,"[0.275, 3.572]"
PixArt-alpha centered,0.05,0.7,1800,940,653,245,42,898,95.532,"[94.016, 96.678]",200,4,2,1.0,"[0.275, 3.572]"
PixArt-alpha centered,0.1,0.3,1800,940,709,162,69,871,92.66,"[90.813, 94.159]",200,4,2,1.0,"[0.275, 3.572]"
PixArt-alpha centered,0.1,0.5,1800,940,709,176,55,885,94.149,"[92.461, 95.477]",200,4,2,1.0,"[0.275, 3.572]"
PixArt-alpha centered,0.1,0.7,1800,940,709,200,31,909,96.702,"[95.357, 97.667]",200,4,2,1.0,"[0.275, 3.572]"
PixArt-alpha centered,0.2,0.3,1800,940,776,119,45,895,95.213,"[93.654, 96.403]",200,4,2,1.0,"[0.275, 3.572]"
PixArt-alpha centered,0.2,0.5,1800,940,776,128,36,904,96.17,"[94.744, 97.221]",200,4,2,1.0,"[0.275, 3.572]"
PixArt-alpha centered,0.2,0.7,1800,940,776,144,20,920,97.872,"[96.736, 98.619]",200,4,2,1.0,"[0.275, 3.572]"
SDXL mask-aware,0.01,0.3,1800,914,763,34,117,797,87.199,"[84.876, 89.21]",200,2,1,0.5,"[0.088, 2.777]"
SDXL mask-aware,0.01,0.5,1800,914,763,60,91,823,90.044,"[87.932, 91.82]",200,2,1,0.5,"[0.088, 2.777]"
SDXL mask-aware,0.01,0.7,1800,914,763,92,59,855,93.545,"[91.762, 94.963]",200,2,1,0.5,"[0.088, 2.777]"
SDXL mask-aware,0.05,0.3,1800,914,820,20,74,840,91.904,"[89.955, 93.502]",200,2,1,0.5,"[0.088, 2.777]"
SDXL mask-aware,0.05,0.5,1800,914,820,34,60,854,93.435,"[91.641, 94.866]",200,2,1,0.5,"[0.088, 2.777]"
SDXL mask-aware,0.05,0.7,1800,914,820,51,43,871,95.295,"[93.723, 96.489]",200,2,1,0.5,"[0.088, 2.777]"
SDXL mask-aware,0.1,0.3,1800,914,862,16,36,878,96.061,"[94.595, 97.142]",200,2,1,0.5,"[0.088, 2.777]"
SDXL mask-aware,0.1,0.5,1800,914,862,24,28,886,96.937,"[95.608, 97.872]",200,2,1,0.5,"[0.088, 2.777]"
SDXL mask-aware,0.1,0.7,1800,914,862,29,23,891,97.484,"[96.252, 98.317]",200,2,1,0.5,"[0.088, 2.777]"
SDXL mask-aware,0.2,0.3,1800,914,888,5,21,893,97.702,"[96.513, 98.492]",200,2,1,0.5,"[0.088, 2.777]"
SDXL mask-aware,0.2,0.5,1800,914,888,11,15,899,98.359,"[97.31, 99.003]",200,2,1,0.5,"[0.088, 2.777]"
SDXL mask-aware,0.2,0.7,1800,914,888,11,15,899,98.359,"[97.31, 99.003]",200,2,1,0.5,"[0.088, 2.777]"
